BTC-USD,time
6.54,15114
5.87,15115
6.36,15116
7.06,15117
7.08,15118
7.44,15119
8.48,15120
8.68,15121
8.44,15122
8.28,15123
8.57,15124
8.86,15125
9.06,15126
10.03,15127
12.77,15128
16.35,15129
17.40,15130
18.28,15131
19.19,15132
27.53,15133
29.64,15134
26.29,15135
19.82,15136
16.41,15137
20.87,15138
19.23,15139
19.68,15140
19.17,15141
15.77,15142
15.87,15143
17.59,15144
0.00,15145
0.00,15146
0.00,15147
0.00,15148
0.00,15149
0.00,15150
15.91,15151
16.95,15152
16.84,15153
16.88,15154
16.76,15155
16.09,15156
15.56,15157
15.47,15158
14.90,15159
13.25,15160
14.51,15161
15.15,15162
14.45,15163
14.34,15164
14.78,15165
14.50,15166
14.16,15167
14.03,15168
13.97,15169
13.96,15170
13.66,15171
13.34,15172
13.05,15173
13.81,15174
13.76,15175
13.63,15176
13.63,15177
13.64,15178
13.74,15179
14.12,15180
13.93,15181
13.95,15182
13.64,15183
13.52,15184
13.52,15185
13.37,15186
13.30,15187
12.67,15188
11.11,15189
10.56,15190
10.58,15191
8.79,15192
7.70,15193
7.81,15194
9.44,15195
10.05,15196
9.86,15197
9.34,15198
9.58,15199
10.46,15200
11.23,15201
11.07,15202
10.92,15203
10.91,15204
11.28,15205
11.48,15206
11.40,15207
11.15,15208
11.01,15209
10.95,15210
10.30,15211
9.09,15212
8.64,15213
8.82,15214
8.97,15215
8.80,15216
8.50,15217
8.23,15218
8.40,15219
8.53,15220
8.26,15221
7.76,15222
6.74,15223
7.00,15224
6.88,15225
5.52,15226
5.04,15227
5.42,15228
6.14,15229
5.90,15230
5.65,15231
5.18,15232
4.81,15233
4.83,15234
4.90,15235
5.18,15236
5.92,15237
5.75,15238
5.52,15239
5.54,15240
5.49,15241
5.41,15242
5.09,15243
4.91,15244
4.82,15245
4.75,15246
4.98,15247
5.03,15248
5.00,15249
4.96,15250
4.96,15251
4.91,15252
4.74,15253
4.53,15254
4.07,15255
4.15,15256
4.11,15257
3.98,15258
4.01,15259
4.09,15260
4.02,15261
3.91,15262
3.76,15263
2.94,15264
2.62,15265
2.31,15266
2.31,15267
2.54,15268
2.93,15269
3.11,15270
2.89,15271
2.73,15272
2.75,15273
2.88,15274
3.11,15275
3.53,15276
3.46,15277
3.19,15278
3.21,15279
3.22,15280
3.21,15281
3.16,15282
3.04,15283
2.96,15284
2.99,15285
3.07,15286
3.00,15287
2.89,15288
2.92,15289
3.05,15290
3.00,15291
2.50,15292
2.30,15293
2.43,15294
2.29,15295
2.22,15296
2.18,15297
2.28,15298
2.23,15299
2.30,15300
2.33,15301
2.37,15302
2.45,15303
2.48,15304
2.45,15305
2.51,15306
2.79,15307
2.85,15308
3.05,15309
3.09,15310
3.00,15311
2.75,15312
2.87,15313
2.98,15314
2.99,15315
2.96,15316
2.98,15317
2.99,15318
3.21,15319
3.21,15320
3.21,15321
3.16,15322
3.16,15323
3.18,15324
3.19,15325
3.19,15326
3.37,15327
3.96,15328
3.94,15329
3.87,15330
3.91,15331
3.92,15332
4.12,15333
4.04,15334
4.01,15335
4.13,15336
4.21,15337
4.19,15338
4.47,15339
4.94,15340
5.29,15341
5.01,15342
5.13,15343
6.17,15344
6.80,15345
6.69,15346
7.02,15347
6.67,15348
6.38,15349
6.77,15350
6.78,15351
6.62,15352
6.52,15353
6.86,15354
6.90,15355
6.61,15356
5.88,15357
6.16,15358
6.43,15359
6.34,15360
6.23,15361
6.30,15362
6.31,15363
6.09,15364
5.64,15365
5.30,15366
5.51,15367
5.52,15368
5.50,15369
5.51,15370
5.63,15371
6.02,15372
5.95,15373
5.91,15374
5.71,15375
5.60,15376
5.58,15377
5.66,15378
5.71,15379
5.87,15380
5.84,15381
5.65,15382
5.38,15383
4.78,15384
4.62,15385
4.23,15386
4.44,15387
4.31,15388
4.31,15389
4.36,15390
4.34,15391
4.45,15392
4.78,15393
4.97,15394
4.92,15395
4.90,15396
4.96,15397
4.91,15398
4.86,15399
4.93,15400
4.72,15401
4.68,15402
4.71,15403
4.91,15404
4.96,15405
4.95,15406
4.88,15407
4.89,15408
4.84,15409
4.88,15410
4.90,15411
5.05,15412
5.36,15413
5.35,15414
5.34,15415
5.34,15416
5.26,15417
5.10,15418
4.79,15419
4.82,15420
4.80,15421
4.70,15422
4.67,15423
4.59,15424
4.64,15425
4.69,15426
4.79,15427
4.77,15428
4.79,15429
4.87,15430
4.82,15431
4.89,15432
4.93,15433
4.94,15434
4.91,15435
4.94,15436
4.82,15437
4.74,15438
4.78,15439
4.83,15440
4.87,15441
4.89,15442
4.89,15443
4.96,15444
4.92,15445
4.94,15446
4.96,15447
5.10,15448
5.15,15449
5.19,15450
5.29,15451
5.19,15452
5.16,15453
5.07,15454
5.11,15455
5.09,15456
5.09,15457
4.99,15458
4.94,15459
4.94,15460
4.96,15461
5.09,15462
5.09,15463
5.11,15464
5.07,15465
5.05,15466
5.05,15467
5.03,15468
5.05,15469
5.02,15470
4.93,15471
4.95,15472
4.96,15473
4.97,15474
5.00,15475
5.06,15476
5.08,15477
5.09,15478
5.11,15479
5.11,15480
5.09,15481
5.09,15482
5.12,15483
5.12,15484
5.13,15485
5.12,15486
5.13,15487
5.13,15488
5.13,15489
5.14,15490
5.16,15491
5.24,15492
5.24,15493
5.23,15494
5.24,15495
5.40,15496
5.45,15497
5.49,15498
5.62,15499
5.60,15500
5.51,15501
5.50,15502
5.59,15503
5.84,15504
5.89,15505
6.03,15506
6.46,15507
6.38,15508
6.27,15509
6.44,15510
6.58,15511
6.69,15512
6.62,15513
6.52,15514
6.39,15515
6.31,15516
6.39,15517
6.50,15518
6.60,15519
6.63,15520
6.67,15521
6.65,15522
6.70,15523
6.58,15524
6.51,15525
6.65,15526
6.64,15527
6.73,15528
6.79,15529
6.85,15530
7.13,15531
7.12,15532
7.23,15533
7.64,15534
7.59,15535
7.54,15536
7.87,15537
8.36,15538
8.98,15539
9.11,15540
8.10,15541
8.52,15542
8.56,15543
8.36,15544
8.60,15545
8.60,15546
8.66,15547
8.66,15548
8.85,15549
8.69,15550
8.84,15551
9.07,15552
9.37,15553
9.71,15554
10.58,15555
10.92,15556
10.45,15557
10.70,15558
10.79,15559
10.89,15560
11.15,15561
11.16,15562
11.31,15563
11.38,15564
11.46,15565
11.70,15566
12.22,15567
13.21,15568
13.98,15569
12.08,15570
9.99,15571
9.82,15572
10.11,15573
9.97,15574
10.01,15575
10.12,15576
10.43,15577
10.54,15578
11.25,15579
10.97,15580
10.93,15581
10.79,15582
10.51,15583
10.16,15584
10.06,15585
10.30,15586
10.35,15587
10.38,15588
10.83,15589
11.04,15590
11.05,15591
10.98,15592
11.03,15593
11.06,15594
11.12,15595
11.30,15596
11.43,15597
11.65,15598
11.81,15599
11.84,15600
11.91,15601
12.19,15602
12.46,15603
12.37,15604
12.25,15605
12.07,15606
12.05,15607
12.06,15608
12.11,15609
12.26,15610
12.28,15611
12.33,15612
12.36,15613
12.32,15614
12.41,15615
12.66,15616
12.81,15617
12.77,15618
12.67,15619
12.21,15620
11.51,15621
11.61,15622
11.99,15623
12.04,15624
12.03,15625
11.99,15626
11.87,15627
11.74,15628
11.76,15629
11.79,15630
11.86,15631
11.80,15632
11.71,15633
11.67,15634
11.66,15635
11.69,15636
11.68,15637
11.32,15638
10.74,15639
10.42,15640
10.47,15641
10.65,15642
10.68,15643
10.85,15644
11.07,15645
10.76,15646
10.54,15647
10.61,15648
10.72,15649
10.78,15650
10.98,15651
10.94,15652
10.85,15653
10.84,15654
10.82,15655
10.96,15656
10.99,15657
10.96,15658
11.00,15659
11.45,15660
11.65,15661
11.68,15662
11.69,15663
11.70,15664
11.72,15665
12.07,15666
12.26,15667
12.36,15668
12.43,15669
12.42,15670
12.15,15671
12.30,15672
12.38,15673
12.53,15674
12.55,15675
12.51,15676
12.55,15677
12.88,15678
13.28,15679
13.44,15680
13.37,15681
13.46,15682
13.27,15683
13.34,15684
13.47,15685
13.60,15686
13.63,15687
13.67,15688
13.50,15689
13.44,15690
13.18,15691
13.21,15692
13.35,15693
13.51,15694
13.51,15695
13.41,15696
13.24,15697
13.35,15698
13.31,15699
13.31,15700
13.38,15701
13.41,15702
13.41,15703
13.40,15704
13.45,15705
13.40,15706
13.32,15707
13.35,15708
13.39,15709
13.43,15710
13.44,15711
13.47,15712
13.72,15713
13.74,15714
13.99,15715
14.12,15716
14.19,15717
14.12,15718
14.20,15719
14.23,15720
14.48,15721
15.03,15722
15.71,15723
15.48,15724
15.69,15725
16.41,15726
17.08,15727
17.22,15728
18.01,15729
16.94,15730
17.07,15731
17.54,15732
18.19,15733
19.18,15734
19.45,15735
20.42,15736
20.76,15737
19.80,15738
20.15,15739
20.52,15740
20.51,15741
21.11,15742
21.55,15743
22.49,15744
23.15,15745
23.61,15746
24.10,15747
25.07,15748
25.43,15749
26.00,15750
27.02,15751
27.17,15752
26.86,15753
26.74,15754
28.31,15755
29.52,15756
29.69,15757
30.48,15758
29.26,15759
29.71,15760
30.09,15761
30.89,15762
31.23,15763
33.05,15764
34.06,15765
34.11,15766
34.16,15767
35.29,15768
39.12,15769
45.23,15770
42.55,15771
43.28,15772
45.26,15773
47.08,15774
47.57,15775
44.23,15776
46.25,15777
47.44,15778
47.16,15779
46.87,15780
47.42,15781
48.10,15782
54.71,15783
61.18,15784
68.49,15785
71.59,15786
65.63,15787
68.15,15788
73.47,15789
77.06,15790
85.51,15791
90.32,15792
89.99,15793
91.14,15794
92.89,15795
100.95,15796
107.31,15797
130.64,15798
132.21,15799
138.09,15800
142.35,15801
152.14,15802
181.56,15803
209.65,15804
218.85,15805
146.89,15806
90.86,15807
109.42,15808
91.00,15809
91.00,15810
89.89,15811
82.86,15812
94.63,15813
118.62,15814
121.08,15815
124.21,15816
122.88,15817
131.96,15818
150.81,15819
152.26,15820
134.32,15821
134.00,15822
132.70,15823
139.60,15824
142.14,15825
128.08,15826
111.48,15827
93.51,15828
104.40,15829
114.15,15830
118.78,15831
107.96,15832
112.92,15833
111.84,15834
116.48,15835
116.27,15836
115.37,15837
116.73,15838
117.60,15839
112.02,15840
114.99,15841
119.54,15842
123.49,15843
122.53,15844
122.35,15845
122.27,15846
122.75,15847
125.02,15848
128.77,15849
131.49,15850
133.39,15851
132.85,15852
128.41,15853
129.70,15854
130.45,15855
128.62,15856
128.68,15857
123.37,15858
119.56,15859
121.64,15860
121.49,15861
121.13,15862
114.21,15863
109.26,15864
99.95,15865
104.53,15866
106.93,15867
108.96,15868
108.34,15869
101.70,15870
100.58,15871
99.99,15872
101.01,15873
105.20,15874
107.74,15875
110.23,15876
110.52,15877
108.62,15878
107.55,15879
104.26,15880
104.08,15881
104.21,15882
102.76,15883
97.46,15884
96.35,15885
96.40,15886
94.05,15887
89.99,15888
86.47,15889
79.23,15890
73.69,15891
69.61,15892
69.50,15893
77.14,15894
75.77,15895
78.75,15896
87.06,15897
95.90,15898
92.98,15899
95.74,15900
96.95,15901
97.98,15902
98.07,15903
91.91,15904
90.59,15905
91.85,15906
89.63,15907
91.11,15908
93.61,15909
90.26,15910
91.29,15911
91.89,15912
90.04,15913
90.99,15914
93.77,15915
94.46,15916
99.13,15917
97.64,15918
97.26,15919
96.42,15920
96.64,15921
97.94,15922
98.35,15923
97.52,15924
95.59,15925
93.87,15926
93.68,15927
94.41,15928
94.76,15929
96.26,15930
98.82,15931
98.77,15932
98.92,15933
98.50,15934
99.04,15935
102.00,15936
103.71,15937
107.73,15938
111.43,15939
108.20,15940
108.24,15941
111.21,15942
112.36,15943
116.92,15944
118.44,15945
118.55,15946
120.89,15947
128.30,15948
130.59,15949
131.00,15950
130.13,15951
127.89,15952
121.75,15953
121.31,15954
118.69,15955
118.90,15956
119.43,15957
122.92,15958
123.01,15959
126.85,15960
127.57,15961
126.26,15962
124.76,15963
125.88,15964
126.71,15965
127.35,15966
126.05,15967
124.02,15968
123.34,15969
123.05,15970
123.21,15971
122.91,15972
124.32,15973
124.23,15974
125.59,15975
126.50,15976
127.42,15977
126.20,15978
127.03,15979
121.09,15980
112.65,15981
120.82,15982
121.71,15983
121.94,15984
123.28,15985
123.84,15986
125.19,15987
126.01,15988
126.79,15989
127.51,15990
129.28,15991
135.30,15992
137.33,15993
143.74,15994
141.86,15995
147.90,15996
162.44,15997
166.31,15998
175.96,15999
191.94,16000
197.85,16001
195.89,16002
183.31,16003
183.38,16004
188.05,16005
197.05,16006
200.26,16007
202.90,16008
203.87,16009
206.50,16010
208.02,16011
210.24,16012
224.76,16013
243.38,16014
262.97,16015
287.71,16016
316.93,16017
341.95,16018
305.13,16019
334.54,16020
351.82,16021
382.25,16022
418.88,16023
421.25,16024
436.37,16025
472.20,16026
555.98,16027
626.62,16028
542.26,16029
660.85,16030
744.41,16031
837.24,16032
807.25,16033
813.36,16034
843.26,16035
934.18,16036
1014.18,16037
1073.16,16038
1145.46,16039
1019.89,16040
1012.05,16041
1045.47,16042
1092.27,16043
1046.48,16044
946.88,16045
726.74,16046
733.67,16047
868.92,16048
939.20,16049
910.59,16050
865.22,16051
881.75,16052
863.47,16053
841.30,16054
791.62,16055
694.64,16056
568.68,16057
617.84,16058
673.82,16059
609.94,16060
627.80,16061
636.66,16062
652.57,16063
658.34,16064
717.20,16065
729.30,16066
722.29,16067
716.40,16068
734.95,16069
730.04,16070
746.57,16071
758.69,16072
797.51,16073
812.82,16074
867.40,16075
939.67,16076
887.99,16077
815.31,16078
822.45,16079
825.13,16080
878.96,16081
865.95,16082
819.83,16083
824.01,16084
834.91,16085
834.03,16086
801.23,16087
807.79,16088
814.66,16089
832.68,16090
822.42,16091
818.27,16092
815.28,16093
789.77,16094
796.51,16095
813.15,16096
802.18,16097
779.64,16098
794.76,16099
792.74,16100
802.64,16101
812.73,16102
819.43,16103
810.28,16104
805.83,16105
803.16,16106
780.82,16107
724.08,16108
717.66,16109
718.40,16110
688.27,16111
695.23,16112
668.31,16113
647.36,16114
635.79,16115
656.64,16116
640.21,16117
635.22,16118
633.91,16119
627.79,16120
601.74,16121
569.67,16122
585.21,16123
622.84,16124
568.37,16125
510.52,16126
584.28,16127
588.34,16128
575.83,16129
568.30,16130
567.67,16131
611.39,16132
681.83,16133
668.03,16134
667.50,16135
645.26,16136
622.72,16137
630.47,16138
632.29,16139
628.44,16140
640.03,16141
643.19,16142
636.69,16143
635.83,16144
636.08,16145
628.62,16146
616.02,16147
613.99,16148
596.83,16149
583.06,16150
564.24,16151
565.85,16152
565.22,16153
579.79,16154
582.08,16155
543.99,16156
507.01,16157
502.43,16158
471.15,16159
459.97,16160
477.34,16161
467.26,16162
436.71,16163
446.09,16164
452.87,16165
460.12,16166
455.90,16167
454.05,16168
449.46,16169
409.24,16170
407.23,16171
428.27,16172
418.86,16173
447.92,16174
488.78,16175
519.14,16176
509.18,16177
489.46,16178
495.16,16179
505.66,16180
503.16,16181
496.46,16182
490.85,16183
490.21,16184
466.02,16185
458.79,16186
454.27,16187
439.32,16188
446.54,16189
447.13,16190
457.49,16191
453.05,16192
443.66,16193
437.74,16194
433.84,16195
429.37,16196
438.63,16197
444.29,16198
447.79,16199
453.19,16200
445.37,16201
440.01,16202
439.07,16203
443.48,16204
448.70,16205
448.46,16206
449.52,16207
448.04,16208
446.97,16209
468.81,16210
495.32,16211
512.42,16212
532.12,16213
523.27,16214
564.12,16215
583.44,16216
576.78,16217
575.60,16218
570.41,16219
595.67,16220
622.98,16221
647.14,16222
638.45,16223
666.45,16224
644.47,16225
653.91,16226
658.41,16227
653.58,16228
656.72,16229
650.68,16230
650.64,16231
639.98,16232
618.67,16233
590.64,16234
571.99,16235
566.10,16236
597.45,16237
596.17,16238
608.27,16239
605.47,16240
592.26,16241
590.33,16242
600.31,16243
591.33,16244
586.51,16245
569.62,16246
570.52,16247
585.44,16248
598.09,16249
597.11,16250
622.08,16251
649.23,16252
648.38,16253
647.63,16254
638.42,16255
631.42,16256
633.86,16257
628.09,16258
623.81,16259
624.24,16260
618.28,16261
625.54,16262
635.03,16263
633.42,16264
624.50,16265
623.43,16266
620.22,16267
619.40,16268
625.26,16269
629.25,16270
625.16,16271
621.30,16272
622.66,16273
620.94,16274
610.74,16275
601.96,16276
595.53,16277
595.46,16278
584.93,16279
584.62,16280
576.20,16281
575.53,16282
593.33,16283
593.11,16284
585.53,16285
588.16,16286
583.40,16287
581.73,16288
584.52,16289
590.54,16290
588.04,16291
589.55,16292
585.00,16293
568.70,16294
552.45,16295
519.89,16296
508.42,16297
503.35,16298
505.50,16299
478.64,16300
480.46,16301
493.93,16302
522.33,16303
514.23,16304
504.54,16305
504.14,16306
503.19,16307
509.10,16308
516.39,16309
510.34,16310
507.91,16311
503.91,16312
490.22,16313
480.33,16314
478.06,16315
475.92,16316
481.62,16317
484.19,16318
480.85,16319
480.42,16320
469.08,16321
467.02,16322
480.65,16323
475.77,16324
472.69,16325
475.29,16326
477.02,16327
475.68,16328
469.12,16329
456.59,16330
438.53,16331
406.70,16332
412.13,16333
403.98,16334
402.72,16335
409.79,16336
429.58,16337
412.39,16338
406.00,16339
403.57,16340
392.80,16341
378.43,16342
380.40,16343
385.80,16344
379.66,16345
369.38,16346
347.85,16347
315.65,16348
323.73,16349
329.70,16350
340.19,16351
363.36,16352
363.80,16353
360.00,16354
364.01,16355
380.10,16356
403.67,16357
395.16,16358
387.10,16359
380.38,16360
385.34,16361
389.89,16362
383.79,16363
385.39,16364
384.84,16365
368.58,16366
357.88,16367
350.40,16368
352.86,16369
354.25,16370
354.61,16371
346.64,16372
339.63,16373
342.67,16374
330.12,16375
325.03,16376
328.88,16377
326.85,16378
337.80,16379
342.88,16380
345.90,16381
343.87,16382
351.80,16383
367.12,16384
367.73,16385
396.32,16386
426.88,16387
397.89,16388
387.37,16389
384.89,16390
398.19,16391
382.40,16392
379.37,16393
366.43,16394
353.06,16395
358.40,16396
360.04,16397
375.50,16398
383.23,16399
372.16,16400
371.24,16401
369.51,16402
378.00,16403
376.86,16404
378.43,16405
379.59,16406
378.75,16407
374.21,16408
371.67,16409
374.72,16410
375.84,16411
370.06,16412
353.61,16413
350.70,16414
354.08,16415
353.61,16416
350.29,16417
352.14,16418
351.97,16419
338.51,16420
325.33,16421
314.76,16422
312.99,16423
325.14,16424
325.14,16425
328.56,16426
333.58,16427
330.30,16428
320.07,16429
324.11,16430
319.46,16431
316.20,16432
315.73,16433
313.27,16434
314.42,16435
316.23,16436
315.27,16437
303.94,16438
275.77,16439
272.45,16440
277.93,16441
289.45,16442
290.66,16443
285.92,16444
281.64,16445
275.07,16446
270.93,16447
239.94,16448
198.96,16449
207.55,16450
212.32,16451
201.43,16452
206.27,16453
212.55,16454
211.49,16455
215.66,16456
233.24,16457
230.30,16458
238.30,16459
249.36,16460
283.45,16461
260.50,16462
253.59,16463
233.76,16464
234.50,16465
229.54,16466
219.92,16467
227.18,16468
237.34,16469
226.17,16470
223.20,16471
220.52,16472
226.90,16473
225.96,16474
221.79,16475
219.07,16476
222.09,16477
221.30,16478
233.31,16479
247.08,16480
250.16,16481
235.22,16482
239.35,16483
240.93,16484
239.11,16485
244.79,16486
245.95,16487
242.76,16488
237.69,16489
239.48,16490
238.93,16491
237.38,16492
251.17,16493
253.76,16494
252.80,16495
263.78,16496
276.77,16497
279.98,16498
271.18,16499
273.93,16500
274.09,16501
275.72,16502
282.72,16503
295.12,16504
294.83,16505
295.29,16506
291.44,16507
285.33,16508
286.37,16509
292.80,16510
290.68,16511
275.56,16512
259.88,16513
263.27,16514
261.36,16515
263.08,16516
269.23,16517
249.36,16518
246.03,16519
250.08,16520
248.87,16521
252.43,16522
246.51,16523
246.37,16524
246.60,16525
244.92,16526
249.40,16527
254.90,16528
253.89,16529
255.95,16530
259.32,16531
255.68,16532
250.47,16533
244.90,16534
239.08,16535
237.02,16536
237.62,16537
233.85,16538
221.64,16539
222.32,16540
227.82,16541
225.04,16542
223.47,16543
224.73,16544
225.13,16545
227.19,16546
236.04,16547
234.93,16548
232.47,16549
229.64,16550
220.34,16551
222.16,16552
225.51,16553
225.04,16554
231.76,16555
235.97,16556
235.31,16557
239.73,16558
240.63,16559
235.99,16560
234.99,16561
232.53,16562
240.34,16563
243.45,16564
242.25,16565
242.19,16566
242.21,16567
242.81,16568
237.29,16569
237.95,16570
237.36,16571
237.38,16572
236.54,16573
233.51,16574
233.93,16575
235.59,16576
237.68,16577
239.78,16578
240.14,16579
238.88,16580
237.60,16581
237.70,16582
237.38,16583
236.85,16584
234.16,16585
232.59,16586
227.49,16587
224.65,16588
226.06,16589
225.34,16590
224.83,16591
225.02,16592
224.75,16593
226.43,16594
229.99,16595
229.16,16596
229.75,16597
230.06,16598
230.78,16599
233.90,16600
235.86,16601
242.28,16602
251.61,16603
249.27,16604
248.75,16605
243.93,16606
244.60,16607
246.19,16608
245.33,16609
242.61,16610
241.86,16611
242.01,16612
245.82,16613
250.01,16614
253.43,16615
263.04,16616
259.56,16617
257.24,16618
255.28,16619
257.13,16620
264.01,16621
272.59,16622
268.47,16623
269.17,16624
270.29,16625
281.24,16626
291.97,16627
305.61,16628
295.38,16629
290.83,16630
291.24,16631
282.64,16632
277.88,16633
279.07,16634
276.84,16635
277.58,16636
279.73,16637
276.99,16638
277.64,16639
283.49,16640
289.16,16641
291.41,16642
291.63,16643
296.10,16644
292.06,16645
288.63,16646
285.79,16647
281.26,16648
280.53,16649
283.15,16650
284.52,16651
283.71,16652
280.35,16653
279.52,16654
274.00,16655
265.09,16656
265.86,16657
266.77,16658
269.14,16659
265.15,16660
265.75,16661
266.39,16662
260.10,16663
258.60,16664
254.05,16665
232.71,16666
233.65,16667
234.51,16668
230.64,16669
230.37,16670
220.90,16671
216.01,16672
226.25,16673
226.52,16674
228.44,16675
230.62,16676
229.39,16677
229.55,16678
228.90,16679
227.83,16680
228.24,16681
229.90,16682
233.08,16683
240.77,16684
241.03,16685
243.84,16686
241.23,16687
239.07,16688
240.57,16689
239.14,16690
233.75,16691
231.08,16692
231.27,16693
229.42,16694
231.35,16695
233.48,16696
232.98,16697
232.61,16698
228.99,16699
229.76,16700
231.15,16701
232.79,16702
236.01,16703
235.13,16704
234.06,16705
238.17,16706
238.76,16707
237.54,16708
238.10,16709
238.49,16710
239.31,16711
239.77,16712
239.47,16713
243.80,16714
245.74,16715
244.39,16716
244.03,16717
245.14,16718
246.83,16719
247.64,16720
248.60,16721
252.19,16722
255.03,16723
260.27,16724
269.56,16725
268.60,16726
265.17,16727
267.88,16728
269.20,16729
273.13,16730
277.96,16731
281.06,16732
290.27,16733
285.09,16734
292.80,16735
302.03,16736
310.48,16737
326.64,16738
323.95,16739
319.49,16740
339.13,16741
386.58,16742
450.32,16743
399.88,16744
372.62,16745
383.99,16746
383.21,16747
375.35,16748
365.57,16749
316.13,16750
328.57,16751
334.60,16752
334.66,16753
330.70,16754
323.91,16755
335.73,16756
334.38,16757
331.45,16758
320.41,16759
324.77,16760
324.49,16761
323.59,16762
321.56,16763
323.80,16764
342.90,16765
356.20,16766
355.23,16767
360.54,16768
376.35,16769
367.73,16770
355.98,16771
362.75,16772
361.10,16773
375.23,16774
392.07,16775
392.18,16776
395.07,16777
415.62,16778
415.38,16779
432.88,16780
433.44,16781
436.30,16782
441.52,16783
457.13,16784
455.49,16785
453.57,16786
459.22,16787
462.52,16788
452.47,16789
436.51,16790
437.20,16791
438.92,16792
455.09,16793
455.57,16794
434.10,16795
422.54,16796
425.32,16797
425.43,16798
430.23,16799
427.19,16800
433.28,16801
435.06,16802
431.40,16803
433.62,16804
433.37,16805
431.95,16806
449.95,16807
456.35,16808
452.01,16809
446.77,16810
448.97,16811
447.12,16812
431.39,16813
431.94,16814
400.05,16815
371.20,16816
384.11,16817
380.44,16818
381.19,16819
391.16,16820
413.31,16821
394.17,16822
390.07,16823
396.87,16824
396.20,16825
393.23,16826
394.35,16827
384.35,16828
376.84,16829
379.20,16830
379.69,16831
373.12,16832
372.88,16833
371.07,16834
377.23,16835
385.98,16836
375.85,16837
376.57,16838
376.09,16839
371.98,16840
376.13,16841
375.45,16842
380.02,16843
388.42,16844
399.11,16845
402.38,16846
403.10,16847
414.18,16848
419.68,16849
419.56,16850
431.15,16851
438.13,16852
436.23,16853
426.91,16854
421.14,16855
422.99,16856
423.37,16857
432.11,16858
429.68,16859
436.19,16860
433.62,16861
430.93,16862
418.32,16863
417.49,16864
398.44,16865
401.82,16866
407.43,16867
412.02,16868
411.37,16869
413.52,16870
418.74,16871
413.76,16872
413.11,16873
413.71,16874
415.20,16875
415.04,16876
418.19,16877
412.90,16878
408.54,16879
411.48,16880
409.61,16881
415.75,16882
417.11,16883
415.79,16884
414.84,16885
416.55,16886
419.87,16887
422.78,16888
418.37,16889
413.27,16890
415.23,16891
416.25,16892
419.49,16893
419.70,16894
419.44,16895
421.55,16896
422.04,16897
421.49,16898
422.28,16899
418.46,16900
421.92,16901
422.62,16902
426.77,16903
426.62,16904
425.84,16905
428.74,16906
432.42,16907
432.72,16908
430.60,16909
431.22,16910
439.03,16911
445.71,16912
448.35,16913
450.03,16914
459.18,16915
464.31,16916
468.42,16917
461.95,16918
446.50,16919
452.87,16920
456.00,16921
455.33,16922
449.24,16923
448.76,16924
449.58,16925
449.43,16926
454.17,16927
461.47,16928
461.11,16929
461.90,16930
457.60,16931
455.73,16932
452.55,16933
456.21,16934
457.87,16935
460.34,16936
458.62,16937
455.61,16938
456.25,16939
450.70,16940
443.03,16941
445.60,16942
444.66,16943
443.74,16944
446.46,16945
449.91,16946
452.19,16947
470.50,16948
496.07,16949
521.82,16950
531.41,16951
533.70,16952
533.57,16953
536.26,16954
555.42,16955
576.83,16956
578.02,16957
583.14,16958
582.87,16959
580.26,16960
579.23,16961
577.85,16962
586.42,16963
642.92,16964
692.17,16965
687.54,16966
685.55,16967
743.23,16968
753.41,16969
756.32,16970
759.23,16971
751.39,16972
681.47,16973
653.84,16974
597.21,16975
666.78,16976
681.02,16977
652.55,16978
647.79,16979
651.79,16980
638.28,16981
672.80,16982
680.66,16983
702.12,16984
666.93,16985
679.54,16986
669.32,16987
677.63,16988
640.65,16989
665.45,16990
658.61,16991
652.02,16992
651.21,16993
671.61,16994
660.53,16995
661.54,16996
667.91,16997
666.37,16998
679.28,16999
675.85,17000
673.81,17001
667.51,17002
667.65,17003
653.28,17004
658.10,17005
660.62,17006
657.71,17007
656.77,17008
656.81,17009
657.14,17010
657.29,17011
656.06,17012
630.23,17013
602.34,17014
511.90,17015
573.15,17016
587.03,17017
582.63,17018
590.53,17019
595.25,17020
592.02,17021
588.43,17022
593.54,17023
589.03,17024
587.82,17025
586.16,17026
571.95,17027
568.03,17028
572.91,17029
576.59,17030
575.14,17031
574.88,17032
578.35,17033
581.98,17034
582.57,17035
583.23,17036
579.76,17037
575.37,17038
577.74,17039
574.22,17040
572.37,17041
574.14,17042
575.06,17043
572.53,17044
571.60,17045
573.38,17046
580.49,17047
606.49,17048
607.56,17049
608.93,17050
613.24,17051
623.09,17052
622.94,17053
623.44,17054
620.97,17055
607.20,17056
608.03,17057
609.59,17058
608.03,17059
606.86,17060
607.59,17061
609.06,17062
610.04,17063
608.82,17064
597.85,17065
596.88,17066
599.28,17067
603.88,17068
602.32,17069
605.25,17070
605.13,17071
604.73,17072
605.49,17073
606.24,17074
613.99,17075
612.84,17076
613.37,17077
610.68,17078
611.68,17079
612.58,17080
615.07,17081
618.95,17082
618.25,17083
617.66,17084
633.44,17085
640.28,17086
636.64,17087
636.92,17088
639.10,17089
641.70,17090
639.74,17091
637.51,17092
632.65,17093
628.55,17094
629.77,17095
639.70,17096
652.12,17097
649.29,17098
653.76,17099
663.91,17100
683.42,17101
687.62,17102
708.61,17103
707.52,17104
700.06,17105
721.59,17106
726.38,17107
724.42,17108
700.93,17109
705.43,17110
713.52,17111
707.97,17112
709.12,17113
727.78,17114
715.26,17115
715.04,17116
710.24,17117
697.19,17118
703.35,17119
711.02,17120
722.76,17121
742.66,17122
742.78,17123
748.62,17124
741.55,17125
734.79,17126
739.67,17127
742.02,17128
738.43,17129
734.43,17130
735.04,17131
733.42,17132
731.59,17133
731.84,17134
738.04,17135
748.61,17136
768.29,17137
765.86,17138
766.20,17139
755.96,17140
757.53,17141
761.72,17142
768.17,17143
770.22,17144
774.63,17145
769.57,17146
776.62,17147
780.73,17148
778.89,17149
778.53,17150
780.09,17151
789.16,17152
790.33,17153
792.76,17154
791.45,17155
814.76,17156
856.14,17157
898.22,17158
901.25,17159
873.31,17160
899.65,17161
916.86,17162
952.36,17163
973.47,17164
955.93,17165
960.78,17166
979.56,17167
1013.13,17168
1019.53,17169
1083.63,17170
1055.36,17171
937.53,17172
877.62,17173
924.49,17174
899.48,17175
906.89,17176
852.30,17177
791.17,17178
812.51,17179
834.84,17180
826.30,17181
834.87,17182
879.99,17183
889.45,17184
897.24,17185
898.51,17186
919.06,17187
928.50,17188
923.55,17189
908.24,17190
897.37,17191
909.23,17192
920.08,17193
924.13,17194
922.76,17195
920.47,17196
944.29,17197
975.59,17198
994.75,17199
1014.16,17200
1019.52,17201
1022.65,17202
1022.32,17203
1043.80,17204
1054.25,17205
1027.61,17206
983.91,17207
1013.77,17208
1012.40,17209
1005.16,17210
1008.49,17211
1012.45,17212
1028.53,17213
1049.92,17214
1066.44,17215
1059.44,17216
1062.84,17217
1104.68,17218
1124.96,17219
1149.44,17220
1187.88,17221
1172.51,17222
1165.41,17223
1189.71,17224
1195.68,17225
1210.37,17226
1245.78,17227
1279.09,17228
1281.62,17229
1267.37,17230
1281.63,17231
1258.84,17232
1196.78,17233
1179.28,17234
1207.92,17235
1181.02,17236
1206.30,17237
1237.88,17238
1247.29,17239
1253.52,17240
1223.74,17241
1130.96,17242
1032.36,17243
1012.91,17244
1035.60,17245
1085.68,17246
1050.92,17247
1035.89,17248
991.87,17249
930.11,17250
974.27,17251
1002.38,17252
1044.62,17253
1035.22,17254
1039.37,17255
1063.29,17256
1090.51,17257
1096.54,17258
1142.60,17259
1148.10,17260
1132.03,17261
1168.38,17262
1192.19,17263
1188.58,17264
1193.85,17265
1211.93,17266
1215.33,17267
1219.22,17268
1189.59,17269
1182.56,17270
1181.14,17271
1182.62,17272
1180.29,17273
1198.86,17274
1201.38,17275
1225.44,17276
1247.61,17277
1245.55,17278
1247.24,17279
1252.79,17280
1273.79,17281
1295.53,17282
1324.20,17283
1340.44,17284
1356.13,17285
1354.00,17286
1425.99,17287
1460.62,17288
1482.54,17289
1572.35,17290
1590.39,17291
1583.39,17292
1591.04,17293
1640.31,17294
1730.58,17295
1758.04,17296
1837.42,17297
1773.71,17298
1715.88,17299
1799.60,17300
1753.66,17301
1745.42,17302
1815.62,17303
1836.45,17304
1937.60,17305
2001.74,17306
2054.40,17307
2168.35,17308
2216.74,17309
2369.27,17310
2609.27,17311
2442.28,17312
2127.08,17313
2228.32,17314
2254.86,17315
2264.58,17316
2249.76,17317
2405.09,17318
2425.63,17319
2523.85,17320
2519.12,17321
2601.94,17322
2833.37,17323
2816.35,17324
2750.54,17325
2823.60,17326
2856.75,17327
2931.42,17328
2821.27,17329
2714.71,17330
2668.42,17331
2351.97,17332
2441.04,17333
2553.42,17334
2566.57,17335
2553.52,17336
2654.44,17337
2690.32,17338
2665.24,17339
2706.14,17340
2656.96,17341
2555.33,17342
2453.07,17343
2395.92,17344
2534.37,17345
2558.06,17346
2513.03,17347
2459.15,17348
2454.95,17349
2521.20,17350
2597.03,17351
2582.30,17352
2600.27,17353
2551.76,17354
2519.18,17355
2551.51,17356
2458.29,17357
2346.78,17358
2338.73,17359
2364.18,17360
2273.42,17361
2082.30,17362
1928.53,17363
2054.37,17364
2271.09,17365
2308.85,17366
2491.19,17367
2717.35,17368
2776.69,17369
2778.44,17370
2759.03,17371
2623.41,17372
2497.65,17373
2569.44,17374
2737.64,17375
2720.58,17376
2688.50,17377
2772.84,17378
2793.68,17379
2714.62,17380
2741.47,17381
2825.34,17382
3139.36,17383
3215.74,17384
3306.79,17385
3420.78,17386
3345.06,17387
3395.13,17388
3518.63,17389
3792.38,17390
4040.66,17391
4178.31,17392
4177.38,17393
4173.17,17394
4347.76,17395
4229.01,17396
4099.44,17397
4106.84,17398
4030.35,17399
3920.57,17400
4149.77,17401
4198.07,17402
4360.30,17403
4319.77,17404
4344.86,17405
4311.72,17406
4471.93,17407
4583.02,17408
4680.83,17409
4811.35,17410
4717.76,17411
4642.76,17412
4483.84,17413
4394.93,17414
4585.14,17415
4591.39,17416
4497.48,17417
4336.78,17418
4249.31,17419
4220.42,17420
4255.71,17421
3932.82,17422
3627.85,17423
3432.03,17424
3778.41,17425
3670.65,17426
3955.28,17427
3968.18,17428
3940.68,17429
3790.36,17430
3630.69,17431
3726.15,17432
3698.49,17433
3825.88,17434
3918.33,17435
4039.56,17436
4192.71,17437
4142.95,17438
4270.07,17439
4312.46,17440
4410.75,17441
4316.92,17442
4252.46,17443
4258.81,17444
4360.58,17445
4354.84,17446
4502.25,17447
4652.18,17448
4817.97,17449
4793.65,17450
5114.90,17451
5618.27,17452
5669.70,17453
5632.24,17454
5681.75,17455
5633.48,17456
5413.48,17457
5657.33,17458
5796.25,17459
6081.29,17460
5930.41,17461
5890.65,17462
5673.49,17463
5558.16,17464
5833.22,17465
5831.85,17466
5778.09,17467
5886.93,17468
6122.78,17469
6248.72,17470
6515.55,17471
6958.41,17472
7244.98,17473
7273.90,17474
7487.22,17475
7237.34,17476
7112.21,17477
7383.67,17478
7246.90,17479
6973.47,17480
6559.79,17481
6100.74,17482
6357.57,17483
6588.64,17484
7055.34,17485
7459.07,17486
7838.79,17487
7716.38,17488
7840.31,17489
8127.15,17490
8184.24,17491
8209.22,17492
8190.45,17493
8188.43,17494
8499.99,17495
9145.14,17496
9670.22,17497
9893.20,17498
10468.49,17499
10000.12,17500
10190.34,17501
10957.67,17502
11323.05,17503
11394.32,17504
11722.52,17505
12738.48,17506
15502.58,17507
16134.83,17508
15564.36,17509
14774.71,17510
16697.32,17511
17130.91,17512
17132.11,17513
16776.59,17514
17549.18,17515
18479.80,17516
19539.22,17517
18877.72,17518
18402.25,17519
16851.81,17520
16334.52,17521
13903.06,17522
15107.54,17523
14154.17,17524
14187.90,17525
15369.31,17526
15572.23,17527
14292.28,17528
14557.47,17529
13597.63,17530
13392.46,17531
13422.72,17532
13908.37,17533
14986.93,17534
14850.02,17535
15784.59,17536
16665.31,17537
16528.49,17538
15325.95,17539
14899.22,17540
14223.24,17541
13718.42,17542
13659.00,17543
14213.37,17544
13695.14,17545
13785.22,17546
12180.06,17547
10708.75,17548
11484.72,17549
11496.63,17550
12423.06,17551
11873.87,17552
11080.51,17553
10699.44,17554
10975.60,17555
11261.19,17556
10993.20,17557
11177.74,17558
11426.88,17559
11138.19,17560
10611.75,17561
9977.31,17562
9507.38,17563
8550.13,17564
8917.80,17565
8741.06,17566
7602.13,17567
6812.51,17568
7901.84,17569
8204.20,17570
8242.34,17571
8648.39,17572
8198.40,17573
8619.67,17574
8619.53,17575
9022.18,17576
9800.71,17577
10018.39,17578
10681.18,17579
10731.71,17580
10850.39,17581
11491.41,17582
10803.23,17583
10262.52,17584
9995.56,17585
9933.21,17586
9594.03,17587
9898.54,17588
10537.68,17589
10612.86,17590
10635.30,17591
10974.68,17592
11331.39,17593
11241.70,17594
11509.39,17595
11014.68,17596
10396.54,17597
9704.52,17598
8986.23,17599
9256.15,17600
9056.86,17601
9433.90,17602
9155.88,17603
8757.96,17604
8104.37,17605
8312.05,17606
8078.72,17607
7674.37,17608
8344.30,17609
8614.45,17610
8978.15,17611
8790.09,17612
8524.82,17613
8857.62,17614
8531.34,17615
8210.34,17616
7964.92,17617
7911.66,17618
7515.50,17619
6889.36,17620
7007.03,17621
6804.60,17622
6977.05,17623
7327.39,17624
7079.52,17625
6753.63,17626
6649.17,17627
6885.30,17628
6984.84,17629
6891.03,17630
6777.34,17631
6874.72,17632
7327.56,17633
7990.32,17634
8004.87,17635
8215.30,17636
8075.73,17637
8037.20,17638
8053.05,17639
8210.47,17640
8444.17,17641
8804.82,17642
8890.01,17643
8892.50,17644
9308.95,17645
9209.28,17646
8881.02,17647
9214.40,17648
9233.92,17649
9344.26,17650
9283.75,17651
8987.34,17652
9108.89,17653
9362.01,17654
9649.00,17655
9818.43,17656
9609.72,17657
9338.18,17658
9261.22,17659
9185.60,17660
9266.13,17661
8703.84,17662
8425.37,17663
8551.23,17664
8577.00,17665
8642.02,17666
8280.01,17667
8277.57,17668
8104.22,17669
8255.44,17670
8255.01,17671