Date,Symbol,Open,High,Low,Close,Volume From,Volume To,,,,
0,ETHBTC,0.02392,0.0252,0.02206,0.02374,27518.17,643.39,,,,
0.0002,ETHBTC,0.02374,0.02506,0.02074,0.0225,52317.09,1179.14,,,,
0.0004,ETHBTC,0.0225,0.02399,0.02174,0.02341,17565.17,408.35,,,0.1502,
0.0006,ETHBTC,0.02341,0.02428,0.02219,0.02377,8722.17,205.4,,,0.00773,
0.0008,ETHBTC,0.02377,0.02746,0.0234,0.02643,36866.56,950.63,,,,0.000197875
0.001,ETHBTC,0.02643,0.02735,0.0252,0.02579,14078.79,370.68,,,,
0.0012,ETHBTC,0.02579,0.02639,0.02529,0.02581,9804.98,253.68,,,,
0.0014,ETHBTC,0.02581,0.02618,0.02327,0.02437,29151.43,713.17,,,,
0.0016,ETHBTC,0.02437,0.02477,0.02293,0.02407,9802.35,233.37,,,,
0.0018,ETHBTC,0.02407,0.02465,0.02342,0.02423,6981.66,168.04,,,,
0.002,ETHBTC,0.02423,0.02453,0.0236,0.02395,6590.19,157.64,,,,
0.0022,ETHBTC,0.02395,0.02538,0.02342,0.02517,20778.99,504.24,,,,
0.0024,ETHBTC,0.02517,0.02577,0.0248,0.02507,25773.9,653.08,,,,
0.0026,ETHBTC,0.02507,0.0254,0.02471,0.0251,6542.22,163.9,,,,
0.0028,ETHBTC,0.0251,0.02524,0.02391,0.02434,10034.92,245.9,,,,
0.003,ETHBTC,0.02434,0.02434,0.0235,0.02356,6625.82,158.12,,,,
0.0032,ETHBTC,0.02356,0.02397,0.02211,0.02364,44369.28,1026.87,,,,
0.0034,ETHBTC,0.02364,0.02526,0.02318,0.02523,22411.69,545.04,,,,
0.0036,ETHBTC,0.02523,0.0279,0.025,0.02764,28443.63,760.63,,,,
0.0038,ETHBTC,0.02764,0.02785,0.0262,0.02675,18122.79,490.77,,,,
0.004,ETHBTC,0.02675,0.02739,0.02555,0.02698,29941.67,794.22,,,,
0.0042,ETHBTC,0.02698,0.02826,0.01713,0.02108,142517.78,3077.28,,,,
0.0044,ETHBTC,0.02108,0.02148,0.01301,0.015,130559.28,2098.61,,,,
0.0046,ETHBTC,0.015,0.01842,0.01409,0.01626,78372.28,1277.13,,,,
0.0048,ETHBTC,0.01626,0.0166,0.01375,0.01603,56313.53,863.24,,,,
0.005,ETHBTC,0.01603,0.0195,0.016,0.01906,80226.82,1438.14,,,,
0.0052,ETHBTC,0.01906,0.0248,0.01906,0.02231,90554.92,1967.61,,,,
0.0054,ETHBTC,0.02231,0.02412,0.021,0.02187,22672.29,505.7,,,,
0.0056,ETHBTC,0.02187,0.02195,0.01973,0.02162,34278.02,716.62,,,,
0.0058,ETHBTC,0.02162,0.02189,0.02071,0.02102,8607.07,183.09,,,,
0.006,ETHBTC,0.02102,0.02265,0.02102,0.02188,11639.73,254.19,,,,
0.0062,ETHBTC,0.02188,0.02224,0.02124,0.02151,6863.52,149.15,,,,
0.0064,ETHBTC,0.02151,0.02151,0.01779,0.01862,55857,1073.99,,,,
0.0066,ETHBTC,0.01862,0.02048,0.01796,0.0201,29039.12,558.7,,,,
0.0068,ETHBTC,0.0201,0.0201,0.01851,0.01864,17840.11,338.43,,,,
0.007,ETHBTC,0.01864,0.01864,0.01721,0.01814,16341.24,293.2,,,,
0.0072,ETHBTC,0.01814,0.01822,0.01701,0.01725,17149.75,298.04,,,,
0.0074,ETHBTC,0.01725,0.01806,0.01706,0.01783,10250.51,180.3,,,,
0.0076,ETHBTC,0.01783,0.01791,0.01683,0.01684,6806.23,116.77,,,,
0.0078,ETHBTC,0.01684,0.01734,0.01422,0.0157,55824.72,847.67,,,,
0.008,ETHBTC,0.0157,0.0166,0.01517,0.01549,12550.18,198.73,,,,
0.0082,ETHBTC,0.01549,0.01621,0.01498,0.01591,22239.6,348.5,,,,
0.0084,ETHBTC,0.01591,0.01748,0.01561,0.01695,31247.51,515.02,,,,
0.0086,ETHBTC,0.01695,0.01734,0.01638,0.01689,10896.55,184.88,,,,
0.0088,ETHBTC,0.01689,0.01754,0.01658,0.01684,9246.17,156.33,,,,
0.009,ETHBTC,0.01684,0.01684,0.01583,0.01622,6655.47,108.15,,,,
0.0092,ETHBTC,0.01622,0.01678,0.01557,0.01559,15300.98,246.97,,,,
0.0094,ETHBTC,0.01559,0.016,0.01554,0.01588,5718.83,90.64,,,,
0.0096,ETHBTC,0.01588,0.01794,0.01588,0.0175,23607.66,401.86,,,,
0.0098,ETHBTC,0.0175,0.01899,0.01729,0.01792,20587.09,374.71,,,,
0.01,ETHBTC,0.01792,0.01835,0.0175,0.01761,4927.04,87.82,,,,
0.0102,ETHBTC,0.01761,0.01827,0.01615,0.01656,14119.12,239.14,,,,
0.0104,ETHBTC,0.01656,0.01711,0.01611,0.01631,15871.18,263.51,,,,
0.0106,ETHBTC,0.01631,0.01805,0.01631,0.0173,12282.34,209.7,,,,
0.0108,ETHBTC,0.0173,0.01947,0.01714,0.01867,43190.87,803.57,,,,
0.011,ETHBTC,0.01867,0.01934,0.01805,0.01903,49956.85,941.55,,,,
0.0112,ETHBTC,0.01903,0.023,0.0188,0.023,124550.64,2641.81,,,,
0.0114,ETHBTC,0.023,0.02329,0.02101,0.02191,70375.31,1569.07,,,,
0.0116,ETHBTC,0.02191,0.02214,0.01836,0.01924,41691.99,836.71,,,,
0.0118,ETHBTC,0.01924,0.02124,0.01902,0.02124,33523.36,678.7,,,,
0.012,ETHBTC,0.02124,0.02147,0.01802,0.01825,72272.27,1422.61,,,,
0.0122,ETHBTC,0.01825,0.0205,0.01803,0.02002,34686.2,666.53,,,,
0.0124,ETHBTC,0.02002,0.02009,0.019,0.01955,18927.16,369.21,,,,
0.0126,ETHBTC,0.01955,0.01996,0.0191,0.0196,9889.42,193.23,,,,
0.0128,ETHBTC,0.0196,0.01978,0.01885,0.01908,14440.41,278.74,,,,
0.013,ETHBTC,0.01908,0.02,0.0182,0.01899,14477.33,275.93,,,,
0.0132,ETHBTC,0.01899,0.01955,0.01816,0.01822,13015.96,242.32,,,,
0.0134,ETHBTC,0.01822,0.01847,0.01391,0.01656,70129.43,1152.95,,,,
0.0136,ETHBTC,0.01656,0.01876,0.01515,0.01828,92842.43,1623.97,,,,
0.0138,ETHBTC,0.01828,0.02019,0.0178,0.01927,33967.81,639.7,,,,
0.014,ETHBTC,0.01927,0.0195,0.01879,0.01909,19381.47,371.82,,,,
0.0142,ETHBTC,0.01909,0.0192,0.01801,0.01858,11464.73,213.9,,,,
0.0144,ETHBTC,0.01858,0.01894,0.01811,0.01854,7332.34,135.74,,,,
0.0146,ETHBTC,0.01854,0.01929,0.01837,0.01919,9334.13,175.13,,,,
0.0148,ETHBTC,0.01919,0.02144,0.01903,0.02084,20600.43,415.18,,,,
0.015,ETHBTC,0.02084,0.02139,0.02,0.0208,26312.07,541.26,,,,
0.0152,ETHBTC,0.0208,0.0208,0.0196,0.01981,15039.39,300.9,,,,
0.0154,ETHBTC,0.01981,0.02054,0.01981,0.02007,20006.84,402.34,,,,
0.0156,ETHBTC,0.02007,0.0201,0.01963,0.0197,7798.31,154.85,,,,
0.0158,ETHBTC,0.0197,0.0201,0.01947,0.01968,7812.98,154.39,,,,
0.016,ETHBTC,0.01968,0.02007,0.01946,0.01972,10462.48,205.5,,,,
0.0162,ETHBTC,0.01972,0.01987,0.01908,0.01925,8316.09,161.82,,,,
0.0164,ETHBTC,0.01925,0.0194,0.01861,0.0188,11753.45,224.51,,,,
0.0166,ETHBTC,0.0188,0.01941,0.0185,0.01874,12517.81,236.93,,,,
0.0168,ETHBTC,0.01874,0.01878,0.01857,0.01871,7363.21,137.72,,,,
0.017,ETHBTC,0.01871,0.0195,0.01868,0.01941,5748.37,110.33,,,,
0.0172,ETHBTC,0.01941,0.01941,0.01888,0.01918,3629.51,69.55,,,,
0.0174,ETHBTC,0.01918,0.0194,0.01871,0.01885,6560.67,125.7,,,,
0.0176,ETHBTC,0.01885,0.01923,0.01871,0.01887,7634.16,144.71,,,,
0.0178,ETHBTC,0.01887,0.021,0.01887,0.01903,8998.66,175.28,,,,
0.018,ETHBTC,0.01903,0.01969,0.01903,0.01969,3589.58,69.94,,,,
0.0182,ETHBTC,0.01969,0.01979,0.01932,0.01948,2853.66,55.8,,,,
0.0184,ETHBTC,0.01948,0.01972,0.01945,0.01962,1491.99,29.27,,,,
0.0186,ETHBTC,0.01962,0.01962,0.01903,0.01905,6345.18,122.28,,,,
0.0188,ETHBTC,0.01905,0.0194,0.01872,0.01908,10761.69,204.6,,,,
0.019,ETHBTC,0.01908,0.01958,0.01903,0.0195,7191.99,139.16,,,,
0.0192,ETHBTC,0.0195,0.02021,0.01937,0.02018,14491.81,287.58,,,,
0.0194,ETHBTC,0.02018,0.02209,0.02018,0.02134,22057.83,469.67,,,,
0.0196,ETHBTC,0.02134,0.02142,0.02054,0.02099,7250.39,153.01,,,,
0.0198,ETHBTC,0.02099,0.02149,0.01932,0.01969,16275.74,331.02,,,,
0.02,ETHBTC,0.01969,0.01975,0.01908,0.0192,6688.31,129.36,,,,
0.0202,ETHBTC,0.0192,0.02,0.01912,0.0199,12290.19,238.84,,,,
0.0204,ETHBTC,0.0199,0.0199,0.0188,0.01912,11722.42,223.61,,,,
0.0206,ETHBTC,0.01912,0.01925,0.01872,0.0188,6807.85,129.27,,,,
0.0208,ETHBTC,0.0188,0.01897,0.01791,0.01812,10894.71,199.53,,,,
0.021,ETHBTC,0.01812,0.01884,0.01805,0.01867,11716.16,217.99,,,,
0.0212,ETHBTC,0.01867,0.01934,0.01847,0.01934,9606.25,181.42,,,,
0.0214,ETHBTC,0.01934,0.01962,0.01865,0.01918,15983.95,307.81,,,,
0.0216,ETHBTC,0.01918,0.01965,0.01914,0.01963,5576.59,108.34,,,,
0.0218,ETHBTC,0.01963,0.0199,0.01946,0.01953,16358.21,322.56,,,,
0.022,ETHBTC,0.01953,0.01974,0.01937,0.01954,6350.26,124.21,,,,
0.0222,ETHBTC,0.01954,0.01989,0.01954,0.01962,6001.68,118.41,,,,
0.0224,ETHBTC,0.01962,0.02103,0.01956,0.0208,22099.55,449.96,,,,
0.0226,ETHBTC,0.0208,0.02105,0.02052,0.021,10054.32,210.1,,,,
0.0228,ETHBTC,0.021,0.02148,0.01957,0.02041,14309.62,297.66,,,,
0.023,ETHBTC,0.02041,0.0216,0.02035,0.02119,3797.98,80.39,,,,
0.0232,ETHBTC,0.02119,0.0245,0.02119,0.0245,17452.71,396.95,,,,
0.0234,ETHBTC,0.0245,0.025,0.02201,0.02292,14321.51,337.69,,,,
0.0236,ETHBTC,0.02292,0.0232,0.02088,0.02197,14623.05,319.72,,,,
0.0238,ETHBTC,0.02197,0.0224,0.02193,0.02214,4103.26,91.04,,,,
0.024,ETHBTC,0.02214,0.02216,0.01866,0.02133,13412.76,278.41,,,,
0.0242,ETHBTC,0.02133,0.02196,0.02121,0.02165,1845.81,39.95,,,,
0.0244,ETHBTC,0.02165,0.023,0.0211,0.02112,19665.5,427.11,,,,
0.0246,ETHBTC,0.02112,0.0218,0.02104,0.02162,2501.8,53.83,,,,
0.0248,ETHBTC,0.02162,0.0227,0.02158,0.02204,4512.25,99.64,,,,
0.025,ETHBTC,0.02204,0.0226,0.02156,0.02165,6155.59,134.02,,,,
0.0252,ETHBTC,0.02165,0.0225,0.02152,0.02183,5386.43,117.95,,,,
0.0254,ETHBTC,0.02183,0.02183,0.02071,0.0215,10293.54,220.11,,,,
0.0256,ETHBTC,0.0215,0.02192,0.02135,0.02165,2427.93,52.43,,,,
0.0258,ETHBTC,0.02165,0.02209,0.02153,0.02199,3275.61,71.51,,,,
0.026,ETHBTC,0.02199,0.02214,0.02164,0.02173,2695.07,59.05,,,,
0.0262,ETHBTC,0.02173,0.0225,0.0213,0.0213,6044.03,131.19,,,,
0.0264,ETHBTC,0.0213,0.02155,0.0207,0.0209,5168.79,108.6,,,,
0.0266,ETHBTC,0.0209,0.0213,0.02026,0.02047,5719.05,117.5,,,,
0.0268,ETHBTC,0.02047,0.02055,0.01959,0.01978,8069.09,161.32,,,,
0.027,ETHBTC,0.01978,0.02012,0.01938,0.01948,6711.49,132.08,,,,
0.0272,ETHBTC,0.01948,0.01959,0.01882,0.01894,6836.97,130.73,,,,
0.0274,ETHBTC,0.01894,0.01977,0.0183,0.0183,13445.99,253.69,,,,
0.0276,ETHBTC,0.0183,0.01891,0.01817,0.01839,10108.1,187.4,,,,
0.0278,ETHBTC,0.01839,0.01905,0.01816,0.01897,6703.13,125.79,,,,
0.028,ETHBTC,0.01897,0.01908,0.0186,0.01862,7054,132.59,,,,
0.0282,ETHBTC,0.01862,0.01883,0.0181,0.0181,11136.98,205.74,,,,
0.0284,ETHBTC,0.0181,0.01875,0.0181,0.01851,1670.13,31.16,,,,
0.0286,ETHBTC,0.01851,0.01884,0.01821,0.01878,8121.62,150.81,,,,
0.0288,ETHBTC,0.01878,0.02034,0.01875,0.01969,10292.69,202.23,,,,
0.029,ETHBTC,0.01969,0.02038,0.01882,0.01901,10783.52,207.29,,,,
0.0292,ETHBTC,0.01901,0.01946,0.01901,0.01911,4357.23,83.58,,,,
0.0294,ETHBTC,0.01911,0.01931,0.019,0.01912,4449.22,85.05,,,,
0.0296,ETHBTC,0.01912,0.01915,0.01811,0.01839,10278.93,190.93,,,,
0.0298,ETHBTC,0.01839,0.01845,0.0182,0.0183,3959.8,72.58,,,,
0.03,ETHBTC,0.0183,0.01858,0.01825,0.01834,2749.65,50.55,,,,
0.0302,ETHBTC,0.01834,0.01834,0.0169,0.01741,20540.07,359.84,,,,
0.0304,ETHBTC,0.01741,0.01756,0.01689,0.01706,5572.89,96.44,,,,
0.0306,ETHBTC,0.01706,0.01707,0.01621,0.01677,9034.61,150.49,,,,
0.0308,ETHBTC,0.01677,0.01698,0.014,0.0158,20777.87,317.28,,,,
0.031,ETHBTC,0.0158,0.01614,0.01332,0.01451,24764.94,356.67,,,,
0.0312,ETHBTC,0.01451,0.01635,0.0143,0.0162,15754.59,239.66,,,,
0.0314,ETHBTC,0.0162,0.01645,0.01548,0.01564,6828.83,108.28,,,,
0.0316,ETHBTC,0.01564,0.01594,0.01406,0.01473,19174.69,282.62,,,,
0.0318,ETHBTC,0.01473,0.01549,0.01464,0.01485,4058.28,61.02,,,,
0.032,ETHBTC,0.01485,0.01749,0.0142,0.01573,23049.44,359.09,,,,
0.0322,ETHBTC,0.01573,0.01593,0.0145,0.0145,7439.38,113.38,,,,
0.0324,ETHBTC,0.0145,0.0159,0.0145,0.01576,3875.83,60.8,,,,
0.0326,ETHBTC,0.01576,0.01577,0.01523,0.01528,3962.32,61.24,,,,
0.0328,ETHBTC,0.01528,0.01555,0.01526,0.01545,2263.86,35.01,,,,
0.033,ETHBTC,0.01545,0.01554,0.015,0.01536,4095.57,62.59,,,,
0.0332,ETHBTC,0.01536,0.01536,0.012,0.01475,26244.43,373.86,,,,
0.0334,ETHBTC,0.01475,0.01495,0.01465,0.01475,5192.66,76.82,,,,
0.0336,ETHBTC,0.01475,0.01486,0.0142,0.01433,6807.06,99.11,,,,
0.0338,ETHBTC,0.01433,0.0146,0.01374,0.01409,8507.93,120.91,,,,
0.034,ETHBTC,0.01409,0.01499,0.01375,0.0144,9178.03,131.34,,,,
0.0342,ETHBTC,0.0144,0.01449,0.01414,0.01415,3615.96,51.73,,,,
0.0344,ETHBTC,0.01415,0.0145,0.01372,0.01438,6361.72,90.26,,,,
0.0346,ETHBTC,0.01438,0.01457,0.01333,0.01355,12148.36,168.66,,,,
0.0348,ETHBTC,0.01355,0.01369,0.0132,0.01352,11142.4,149.82,,,,
0.035,ETHBTC,0.01352,0.01372,0.01258,0.01275,25151.32,326.97,,,,
0.0352,ETHBTC,0.01275,0.01324,0.01262,0.01287,8077.87,103.79,,,,
0.0354,ETHBTC,0.01287,0.01348,0.01272,0.0131,10260.81,134.22,,,,
0.0356,ETHBTC,0.0131,0.01314,0.01288,0.01299,5250.17,68.35,,,,
0.0358,ETHBTC,0.01299,0.014,0.01282,0.01316,13183.85,176.5,,,,
0.036,ETHBTC,0.01316,0.01343,0.01304,0.01311,5288.91,69.8,,,,
0.0362,ETHBTC,0.01311,0.0132,0.01194,0.01258,15441.81,194.96,,,,
0.0364,ETHBTC,0.01258,0.0135,0.01247,0.01266,7337.6,95.49,,,,
0.0366,ETHBTC,0.01266,0.01284,0.01257,0.01266,1807.3,22.96,,,,
0.0368,ETHBTC,0.01266,0.01273,0.01189,0.01224,5218.31,63.95,,,,
0.037,ETHBTC,0.01224,0.0123,0.0118,0.01189,6913.28,82.65,,,,
0.0372,ETHBTC,0.01189,0.01189,0.01061,0.01121,13971.08,155.07,,,,
0.0374,ETHBTC,0.01121,0.01184,0.01109,0.01163,19550.08,225.82,,,,
0.0376,ETHBTC,0.01163,0.01163,0.01103,0.01118,5983.16,67.26,,,,
0.0378,ETHBTC,0.01118,0.01118,0.00952,0.00992,32970.05,335.46,,,,
0.038,ETHBTC,0.00992,0.01065,0.008,0.01028,20658.79,202.59,,,,
0.0382,ETHBTC,0.01028,0.01032,0.00964,0.00981,4627.14,46.18,,,,
0.0384,ETHBTC,0.00981,0.01003,0.00869,0.009,30027.94,277.42,,,,
0.0386,ETHBTC,0.009,0.0093,0.0085,0.00899,10051.45,89.53,,,,
0.0388,ETHBTC,0.00979,0.01114,0.00974,0.01091,16515.91,176.4,,,,
0.039,ETHBTC,0.01091,0.01155,0.0107,0.01085,19453.5,215.33,,,,
0.0392,ETHBTC,0.01085,0.01123,0.01044,0.01104,16143.61,173.82,,,,
0.0394,ETHBTC,0.01104,0.01106,0.01034,0.01045,12446.68,134.11,,,,
0.0396,ETHBTC,0.01045,0.01076,0.01039,0.01067,2732.8,28.99,,,,
0.0398,ETHBTC,0.01067,0.01103,0.01058,0.0109,7792.86,84.05,,,,
0.04,ETHBTC,0.0109,0.01096,0.01068,0.01075,3866.06,41.61,,,,
0.0402,ETHBTC,0.01075,0.01107,0.01053,0.01054,6985.8,74.78,,,,
0.0404,ETHBTC,0.01054,0.01055,0.00988,0.01001,13981.79,142.15,,,,
0.0406,ETHBTC,0.01001,0.01018,0.00994,0.00999,4234.96,42.39,,,,
0.0408,ETHBTC,0.00999,0.01004,0.00948,0.00971,12884.22,124.15,,,,
0.041,ETHBTC,0.00971,0.01006,0.00971,0.01,7160.2,70.98,,,,
0.0412,ETHBTC,0.01,0.01,0.00962,0.00962,5859.35,57.25,,,,
0.0414,ETHBTC,0.00962,0.00974,0.00948,0.00948,2510.83,24.16,,,,
0.0416,ETHBTC,0.00948,0.00968,0.00943,0.0095,10641.31,101.55,,,,
0.0418,ETHBTC,0.0095,0.00953,0.00861,0.00889,20001.92,180.73,,,,
0.042,ETHBTC,0.00889,0.00889,0.00776,0.00776,16205.82,132.81,,,,
0.0422,ETHBTC,0.00776,0.00831,0.00772,0.00809,8050.26,64.66,,,,
0.0424,ETHBTC,0.00809,0.00842,0.00803,0.00803,24595.71,201.76,,,,
0.0426,ETHBTC,0.00803,0.00821,0.00781,0.00806,3874.03,31.08,,,,
0.0428,ETHBTC,0.00806,0.00811,0.00753,0.00773,9490.28,73.17,,,,
0.043,ETHBTC,0.00773,0.0085,0.00732,0.00776,18845.44,144.75,,,,
0.0432,ETHBTC,0.00776,0.00884,0.0077,0.00846,16331.41,136.18,,,,
0.0434,ETHBTC,0.00846,0.00894,0.00842,0.0085,6573.62,57.69,,,,
0.0436,ETHBTC,0.0085,0.00859,0.00826,0.00832,3992.89,33.53,,,,
0.0438,ETHBTC,0.00832,0.00893,0.00807,0.00821,8470.37,72.31,,,,
0.044,ETHBTC,0.00821,0.00839,0.00785,0.0082,8874.11,71.72,,,,
0.0442,ETHBTC,0.0082,0.01048,0.00808,0.00934,21946.71,202.95,,,,
0.0444,ETHBTC,0.00934,0.01013,0.00907,0.00963,29601.28,288.26,,,,
0.0446,ETHBTC,0.00963,0.0105,0.0093,0.01025,64837.88,649.25,,,,
0.0448,ETHBTC,0.01025,0.01176,0.0101,0.01142,44151.25,479.41,,,,
0.045,ETHBTC,0.01142,0.01188,0.01075,0.01094,36012.32,405.74,,,,
0.0452,ETHBTC,0.01094,0.01147,0.01063,0.01132,13044.81,145.27,,,,
0.0454,ETHBTC,0.01132,0.0123,0.01124,0.01137,31875.84,373.11,,,,
0.0456,ETHBTC,0.01137,0.01189,0.01127,0.01165,8658.97,100.45,,,,
0.0458,ETHBTC,0.01165,0.0125,0.01143,0.01231,56622.1,682.51,,,,
0.046,ETHBTC,0.01231,0.01265,0.0119,0.01203,30055.8,367.72,,,,
0.0462,ETHBTC,0.01203,0.01224,0.0115,0.01177,16664.95,196.44,,,,
0.0464,ETHBTC,0.01177,0.01196,0.01149,0.01186,17621.79,205.27,,,,
0.0466,ETHBTC,0.01186,0.01207,0.01179,0.01194,10563.54,126.05,,,,
0.0468,ETHBTC,0.01194,0.01194,0.01143,0.01154,16558.35,192.27,,,,
0.047,ETHBTC,0.01154,0.01198,0.01108,0.01118,20192.2,230.63,,,,
0.0472,ETHBTC,0.01118,0.01177,0.01118,0.01157,8619.8,99.95,,,,
0.0474,ETHBTC,0.01157,0.01162,0.01131,0.01162,3982.89,45.87,,,,
0.0476,ETHBTC,0.01162,0.01203,0.01155,0.01183,4432.25,52.44,,,,
0.0478,ETHBTC,0.01183,0.01199,0.0115,0.01186,5049.16,59.44,,,,
0.048,ETHBTC,0.01186,0.01186,0.01162,0.01163,3476.03,40.67,,,,
0.0482,ETHBTC,0.01163,0.01173,0.01156,0.0117,3828.95,44.57,,,,
0.0484,ETHBTC,0.0117,0.01188,0.01162,0.01184,6137.08,72.01,,,,
0.0486,ETHBTC,0.01184,0.0119,0.01158,0.01172,6744.61,79,,,,
0.0488,ETHBTC,0.01172,0.01182,0.01147,0.01161,11338.33,131.63,,,,
0.049,ETHBTC,0.01161,0.01161,0.01136,0.01142,8863.33,101.42,,,,
0.0492,ETHBTC,0.01142,0.01146,0.01129,0.01144,1694.06,19.33,,,,
0.0494,ETHBTC,0.01144,0.01148,0.01136,0.01139,2934.94,33.47,,,,
0.0496,ETHBTC,0.01139,0.01169,0.01137,0.01145,8044.72,92.6,,,,
0.0498,ETHBTC,0.01145,0.01149,0.01103,0.01103,9427.32,105.9,,,,
0.05,ETHBTC,0.01103,0.01121,0.01071,0.01084,8831.93,96.45,,,,
0.0502,ETHBTC,0.01084,0.01086,0.01066,0.01078,7883.45,84.63,,,,
0.0504,ETHBTC,0.01078,0.0108,0.01042,0.01078,7024.14,74.87,,,,
0.0506,ETHBTC,0.01078,0.01125,0.01077,0.01097,9236.28,101.92,,,,
0.0508,ETHBTC,0.01097,0.01112,0.01084,0.01107,3769.28,41.51,,,,
0.051,ETHBTC,0.01107,0.0111,0.01091,0.01104,4405.49,48.55,,,,
0.0512,ETHBTC,0.01104,0.01108,0.01085,0.01087,5187.95,56.65,,,,
0.0514,ETHBTC,0.01087,0.01108,0.01071,0.01075,10889.04,117.9,,,,
0.0516,ETHBTC,0.01075,0.0115,0.01062,0.01113,27838.1,307.11,,,,
0.0518,ETHBTC,0.01113,0.01153,0.01106,0.01131,11318.03,127.78,,,,
0.052,ETHBTC,0.01131,0.01141,0.01116,0.01127,4642.65,52.21,,,,
0.0522,ETHBTC,0.01127,0.01139,0.01124,0.01136,2367.89,26.8,,,,
0.0524,ETHBTC,0.01136,0.01145,0.0112,0.01137,4688.85,53.24,,,,
0.0526,ETHBTC,0.01137,0.01399,0.01136,0.01279,39487.77,488.72,,,,
0.0528,ETHBTC,0.01279,0.01308,0.01252,0.01285,13636.89,173.8,,,,
0.053,ETHBTC,0.01285,0.01297,0.01222,0.01242,9270.72,115.26,,,,
0.0532,ETHBTC,0.01242,0.01249,0.01187,0.01207,14271.79,173.3,,,,
0.0534,ETHBTC,0.01207,0.01219,0.01192,0.01215,6954.42,83.86,,,,
0.0536,ETHBTC,0.01215,0.01229,0.01206,0.01214,3816.48,46.42,,,,
0.0538,ETHBTC,0.01214,0.01232,0.01151,0.01151,8277.72,98.46,,,,
0.054,ETHBTC,0.01151,0.01196,0.01127,0.01132,24882.95,284.97,,,,
0.0542,ETHBTC,0.01132,0.01157,0.01114,0.01125,7005.61,79.35,,,,
0.0544,ETHBTC,0.01125,0.0114,0.01105,0.0112,8595.59,96.35,,,,
0.0546,ETHBTC,0.0112,0.01156,0.01077,0.01107,23041.93,256.35,,,,
0.0548,ETHBTC,0.01107,0.01199,0.01095,0.01178,16716.29,193.78,,,,
0.055,ETHBTC,0.01178,0.0125,0.01162,0.0124,26604.38,318.92,,,,
0.0552,ETHBTC,0.0124,0.0136,0.01214,0.01303,48640.8,614.81,,,,
0.0554,ETHBTC,0.01303,0.01446,0.01272,0.0136,58888.73,778.16,,,,
0.0556,ETHBTC,0.0136,0.01424,0.01276,0.01414,41311.51,549.39,,,,
0.0558,ETHBTC,0.01414,0.0155,0.01366,0.01511,59033.59,872.07,,,,
0.056,ETHBTC,0.01511,0.0165,0.01433,0.01505,50804.08,788.29,,,,
0.0562,ETHBTC,0.01505,0.01563,0.0146,0.0146,21328.88,325.34,,,,
0.0564,ETHBTC,0.0146,0.01527,0.0144,0.01514,12598.03,188.59,,,,
0.0566,ETHBTC,0.01514,0.01577,0.01497,0.01525,17596.21,270.22,,,,
0.0568,ETHBTC,0.01525,0.01576,0.01497,0.01526,24140.25,370.18,,,,
0.057,ETHBTC,0.01526,0.01537,0.01445,0.01446,36613.89,546.87,,,,
0.0572,ETHBTC,0.01446,0.01497,0.01414,0.01484,17379.59,254.67,,,,
0.0574,ETHBTC,0.01484,0.02,0.01418,0.01728,64198.54,1018.55,,,,
0.0576,ETHBTC,0.01728,0.0192,0.01624,0.01817,31675.43,546.23,,,,
0.0578,ETHBTC,0.01817,0.01999,0.01786,0.01899,31765.08,596.03,,,,
0.058,ETHBTC,0.01899,0.02499,0.01899,0.02293,111480.38,2483.44,,,,
0.0582,ETHBTC,0.02293,0.02415,0.02187,0.02294,33954.96,776.16,,,,
0.0584,ETHBTC,0.02294,0.0281,0.0227,0.02807,49857.32,1259.87,,,,
0.0586,ETHBTC,0.02807,0.04078,0.02807,0.03919,109139.13,3683.17,,,,
0.0588,ETHBTC,0.03919,0.055,0.032,0.04177,105938.09,4372.05,,,,
0.059,ETHBTC,0.04177,0.04216,0.03251,0.03486,52833.48,1953.12,,,,
0.0592,ETHBTC,0.03486,0.04369,0.03464,0.04215,37054.93,1467.66,,,,
0.0594,ETHBTC,0.04215,0.04335,0.03935,0.04053,29349.74,1224.42,,,,
0.0596,ETHBTC,0.04053,0.04105,0.03742,0.0381,20992.25,819.43,,,,
0.0598,ETHBTC,0.0381,0.04113,0.0365,0.03989,24303.43,944.73,,,,
0.06,ETHBTC,0.03989,0.04296,0.03878,0.04186,22886.83,935.8,,,,
0.0602,ETHBTC,0.04186,0.05784,0.0416,0.05633,67924.51,3388.06,,,,
0.0604,ETHBTC,0.05633,0.05752,0.0491,0.0521,67528.57,3633.26,,,,
0.0606,ETHBTC,0.0521,0.057,0.04821,0.05218,46674.68,2395.14,,,,
0.0608,ETHBTC,0.05218,0.05315,0.04599,0.04686,36579.76,1781.9,,,,
0.061,ETHBTC,0.04686,0.05404,0.04555,0.0482,26662.11,1285,,,,
0.0612,ETHBTC,0.0482,0.05289,0.04805,0.05085,27864.97,1411.92,,,,
0.0614,ETHBTC,0.05085,0.05179,0.04913,0.04983,17418.94,876.33,,,,
0.0616,ETHBTC,0.04983,0.05055,0.04314,0.04605,31292.63,1456.58,,,,
0.0618,ETHBTC,0.04605,0.04839,0.044,0.04625,11375.16,526.28,,,,
0.062,ETHBTC,0.04625,0.04696,0.04011,0.04333,15204.07,671.39,,,,
0.0622,ETHBTC,0.04333,0.04378,0.037,0.0382,43103.62,1708.76,,,,
0.0624,ETHBTC,0.0382,0.04057,0.0356,0.03905,33811.22,1287.78,,,,
0.0626,ETHBTC,0.03905,0.04226,0.0386,0.03974,25923.4,1055.73,,,,
0.0628,ETHBTC,0.03974,0.0444,0.03363,0.03624,104156.66,3929.55,,,,
0.063,ETHBTC,0.03624,0.0378,0.03451,0.03535,20258.09,726.19,,,,
0.0632,ETHBTC,0.03535,0.0409,0.03535,0.03723,44181.57,1669.24,,,,
0.0634,ETHBTC,0.03723,0.03766,0.03536,0.03618,40350.52,1467.32,,,,
0.0636,ETHBTC,0.03618,0.03708,0.03515,0.0362,8701.71,313.52,,,,
0.0638,ETHBTC,0.0362,0.037,0.03532,0.03569,10111.41,364.05,,,,
0.064,ETHBTC,0.03569,0.03932,0.03557,0.03815,20682.12,771.42,,,,
0.0642,ETHBTC,0.03815,0.04426,0.0379,0.04251,41039.72,1695.46,,,,
0.0644,ETHBTC,0.04251,0.04251,0.039,0.04011,17128.09,690.69,,,,
0.0646,ETHBTC,0.04011,1,0.03945,0.04165,11014.44,447.48,,,,
0.0648,ETHBTC,0.04165,0.04165,0.04042,0.04093,9735.82,397.62,,,,
0.065,ETHBTC,0.04093,0.04115,0.03978,0.04008,7325.56,296.56,,,,
0.0652,ETHBTC,0.04008,0.0419,0.03957,0.04138,10031.34,408.64,,,,
0.0654,ETHBTC,0.04138,0.04198,0.03868,0.03935,12997.5,529.42,,,,
0.0656,ETHBTC,0.03935,0.04039,0.03831,0.03994,14509.97,569.64,,,,
0.0658,ETHBTC,0.03994,0.03994,0.0386,0.03865,8849.01,346.41,,,,
0.066,ETHBTC,0.03865,0.04,0.03856,0.03901,9522.96,372.46,,,,
0.0662,ETHBTC,0.03901,0.03963,0.03873,0.03931,4540.01,177.22,,,,
0.0664,ETHBTC,0.03931,0.04146,0.03923,0.03989,15323.32,613.8,,,,
0.0666,ETHBTC,0.03989,0.04001,0.03903,0.03917,6368.08,251.78,,,,
0.0668,ETHBTC,0.03917,0.042,0.03913,0.04115,13583.96,554.13,,,,
0.067,ETHBTC,0.04115,0.04753,0.04053,0.04694,29430.44,1316.34,,,,
0.0672,ETHBTC,0.04694,0.05471,0.04694,0.05379,50277.54,2534.89,,,,
0.0674,ETHBTC,0.05379,0.05489,0.05001,0.0517,24723.6,1303.28,,,,
0.0676,ETHBTC,0.0517,0.05977,0.05159,0.05807,23342.44,1306.33,,,,
0.0678,ETHBTC,0.05807,0.06028,0.04981,0.05365,57148.04,3155.95,,,,
0.068,ETHBTC,0.05365,0.0589,0.0505,0.05263,34028.15,1833.37,,,,
0.0682,ETHBTC,0.05263,0.05454,0.051,0.05307,31376.86,1659.36,,,,
0.0684,ETHBTC,0.05307,0.06339,0.05241,0.06156,36380.54,2085.39,,,,
0.0686,ETHBTC,0.06156,0.06223,0.05727,0.05904,31736.63,1910.98,,,,
0.0688,ETHBTC,0.05904,0.061,0.0578,0.06057,7477.88,445.57,,,,
0.069,ETHBTC,0.06057,0.06198,0.05585,0.05846,19878.47,1183.1,,,,
0.0692,ETHBTC,0.05846,0.05847,0.05211,0.05211,35591.97,1966.67,,,,
0.0694,ETHBTC,0.05211,0.05336,0.04234,0.05056,58285.17,2852.04,,,,
0.0696,ETHBTC,0.05056,0.05281,0.04813,0.0492,16614.06,840.74,,,,
0.0698,ETHBTC,0.0492,0.05069,0.04672,0.04799,19954.49,962.11,,,,
0.07,ETHBTC,0.04799,0.05173,0.04764,0.05017,17920.47,900,,,,
0.0702,ETHBTC,0.05017,0.05157,0.04924,0.04936,11352.1,575.06,,,,
0.0704,ETHBTC,0.04936,0.0506,0.04862,0.04955,12634.9,627.23,,,,
0.0706,ETHBTC,0.04955,0.055,0.04949,0.05209,21935.23,1155.8,,,,
0.0708,ETHBTC,0.05209,0.05398,0.04933,0.04952,24072.95,1237.04,,,,
0.071,ETHBTC,0.04952,0.04968,0.04682,0.04785,29272.09,1405.31,,,,
0.0712,ETHBTC,0.04785,0.0577,0.04785,0.05073,28986.22,1463.27,,,,
0.0714,ETHBTC,0.05073,0.06582,0.05002,0.06341,54528.75,3223.82,,,,
0.0716,ETHBTC,0.06341,0.06508,0.05961,0.0599,21477.48,1338.49,,,,
0.0718,ETHBTC,0.0599,0.07239,0.05936,0.07238,32427.5,2150.79,,,,
0.072,ETHBTC,0.07238,0.1486,0.06819,0.07537,81897.93,6381.1,,,,
0.0722,ETHBTC,0.07537,0.08364,0.06849,0.07452,33279.57,2468.62,,,,
0.0724,ETHBTC,0.07452,0.08399,0.07366,0.0799,29447.56,2338.04,,,,
0.0726,ETHBTC,0.0799,0.08505,0.07305,0.07631,69620.22,5423.08,,,,
0.0728,ETHBTC,0.07631,0.07694,0.07,0.07188,26157.93,1938.63,,,,
0.073,ETHBTC,0.07188,0.0771,0.061,0.07582,48945.46,3414.99,,,,
0.0732,ETHBTC,0.07582,0.08076,0.07515,0.07855,17331.2,1350.68,,,,
0.0734,ETHBTC,0.07855,0.08601,0.07693,0.0855,22109.56,1805.74,,,,
0.0736,ETHBTC,0.0855,0.1092,0.08404,0.1044,60776.61,5816.99,,,,
0.0738,ETHBTC,0.1044,0.1078,0.09436,0.09959,37690.4,3813.23,,,,
0.074,ETHBTC,0.09959,0.0998,0.088,0.0913,32046.39,3004.13,,,,
0.0742,ETHBTC,0.0913,0.09582,0.089,0.08931,11315.1,1046.3,,,,
0.0744,ETHBTC,0.08931,0.0915,0.08561,0.08807,16321.78,1438.56,,,,
0.0746,ETHBTC,0.08807,0.1003,0.08803,0.09729,23142.62,2218.68,,,,
0.0748,ETHBTC,0.09729,0.09778,0.09174,0.092,13926.86,1322.09,,,,
0.075,ETHBTC,0.092,0.09449,0.0865,0.09216,20224.61,1833.45,,,,
0.0752,ETHBTC,0.09216,0.095,0.09171,0.09474,13256.68,1237.81,,,,
0.0754,ETHBTC,0.09474,0.09557,0.09201,0.09246,9018.96,842.27,,,,
0.0756,ETHBTC,0.09246,0.09979,0.09241,0.09936,11827.22,1137.53,,,,
0.0758,ETHBTC,0.09936,0.1224,0.09823,0.1167,36031.16,3890.14,,,,
0.076,ETHBTC,0.1167,0.1229,0.1091,0.1139,27186.02,3160.8,,,,
0.0762,ETHBTC,0.1139,0.1762,0.1138,0.1502,56952.68,7713.16,,,,
0.0764,ETHBTC,0.1502,0.1518,0.124,0.1432,27182.7,3881.78,,,,
0.0766,ETHBTC,0.1432,0.1438,0.1356,0.1403,17997.45,2517.84,,,,
0.0768,ETHBTC,0.1403,0.1426,0.1216,0.1426,39955.47,5336.92,,,,
0.077,ETHBTC,0.1426,0.1448,0.1369,0.1427,14988.87,2121.68,,,,
0.0772,ETHBTC,0.1427,0.1436,0.1346,0.1395,11108.99,1550.46,,,,
0.0774,ETHBTC,0.1395,0.144,0.1389,0.1401,7652.7,1083.01,,,,
0.0776,ETHBTC,0.1401,0.1416,0.1375,0.1383,10226.33,1424.4,,,,
0.0778,ETHBTC,0.1383,0.1407,0.1178,0.129,31469.4,4091.33,,,,
0.078,ETHBTC,0.129,0.1393,0.0992,0.1224,57137.47,6695.26,,,,
0.0782,ETHBTC,0.1224,0.125,0.1161,0.1197,18156.75,2178.55,,,,
0.0784,ETHBTC,0.1197,0.125,0.1119,0.121,14766.75,1766.82,,,,
0.0786,ETHBTC,0.121,0.1224,0.1182,0.1186,6818.76,819,,,,
0.0788,ETHBTC,0.1186,0.1205,0.1016,0.1112,23102.14,2597.04,,,,
0.079,ETHBTC,0.1112,0.1147,0.0912,0.105,37503.17,3791.51,,,,
0.0792,ETHBTC,0.105,0.1149,0.093,0.1117,27137.24,2748.47,,,,
0.0794,ETHBTC,0.1117,0.1249,0.1051,0.1235,18456.86,2149,,,,
0.0796,ETHBTC,0.1235,0.1258,0.1131,0.1156,13378.92,1619.08,,,,
0.0798,ETHBTC,0.1156,0.1206,0.1105,0.114,9340.27,1074.39,,,,
0.08,ETHBTC,0.114,0.1141,0.1053,0.1083,8937.96,973.55,,,,
0.0802,ETHBTC,0.1083,0.1167,0.1063,0.1135,7253.17,809.13,,,,
0.0804,ETHBTC,0.1135,0.1135,0.108,0.1085,6270.03,690.98,,,,
0.0806,ETHBTC,0.1085,0.1093,0.1031,0.1032,14919.03,1580.8,,,,
0.0808,ETHBTC,0.1032,0.1055,0.0981,0.102,10553.23,1074.31,,,,
0.081,ETHBTC,0.102,0.1055,0.1007,0.1024,7645.2,783.31,,,,
0.0812,ETHBTC,0.1024,0.1029,0.09544,0.09641,18951.96,1872.35,,,,
0.0814,ETHBTC,0.09641,0.09851,0.09311,0.09618,15963.82,1527.32,,,,
0.0816,ETHBTC,0.09618,0.0978,0.0945,0.09476,4488.33,431.29,,,,
0.0818,ETHBTC,0.09476,0.09557,0.08071,0.08717,21685.37,1944.96,,,,
0.082,ETHBTC,0.08717,0.09085,0.07557,0.08267,37097.53,3092.76,,,,
0.0822,ETHBTC,0.08267,0.09425,0.08069,0.09406,30260.6,2626.12,,,,
0.0824,ETHBTC,0.09406,0.0944,0.0833,0.08778,16056.63,1399.06,,,,
0.0826,ETHBTC,0.08778,0.08999,0.08311,0.08924,11183.85,962.85,,,,
0.0828,ETHBTC,0.08924,0.09098,0.0857,0.08575,8179.1,726.52,,,,
0.083,ETHBTC,0.08575,0.0859,0.07316,0.08122,42334.22,3326.31,,,,
0.0832,ETHBTC,0.08122,0.0862,0.08064,0.08538,13047.94,1092.2,,,,
0.0834,ETHBTC,0.08538,0.104,0.08234,0.09858,29440.01,2743.8,,,,
0.0836,ETHBTC,0.09858,0.1025,0.08334,0.086,27171.81,2540.07,,,,
0.0838,ETHBTC,0.086,0.09435,0.07346,0.07936,49731.68,4179.37,,,,
0.084,ETHBTC,0.07936,0.08706,0.07828,0.08138,32114.7,2649.94,,,,
0.0842,ETHBTC,0.08138,0.08404,0.07934,0.08182,12027.24,976.51,,,,
0.0844,ETHBTC,0.08182,0.084,0.08005,0.08308,7929.48,654.89,,,,
0.0846,ETHBTC,0.08308,0.08346,0.08154,0.08183,7027.69,578.38,,,,
0.0848,ETHBTC,0.08183,0.08196,0.07654,0.07941,18637.53,1485.4,,,,
0.085,ETHBTC,0.07941,0.08097,0.07803,0.08026,10389.1,830.02,,,,
0.0852,ETHBTC,0.08026,0.08043,0.07587,0.07609,7983.46,621.86,,,,
0.0854,ETHBTC,0.07609,0.07627,0.06641,0.06849,35661,2549.52,,,,
0.0856,ETHBTC,0.06849,0.07798,0.06621,0.07587,21544.73,1515.27,,,,
0.0858,ETHBTC,0.07587,0.07724,0.07171,0.07197,13959.66,1037.91,,,,
0.086,ETHBTC,0.07197,0.081,0.068,0.07039,16371.07,1155.54,,,,
0.0862,ETHBTC,0.07039,0.08379,0.07032,0.08281,15954.91,1233.09,,,,
0.0864,ETHBTC,0.08281,0.084,0.07951,0.0807,8451.69,690.09,,,,
0.0866,ETHBTC,0.0807,0.08376,0.08003,0.08044,6461.68,526.39,,,,
0.0868,ETHBTC,0.08044,0.08167,0.07619,0.07727,9738.55,762.08,,,,
0.087,ETHBTC,0.07727,0.07878,0.07031,0.0777,22584.04,1696.98,,,,
0.0872,ETHBTC,0.0777,0.0848,0.07741,0.08201,14630.69,1187.67,,,,
0.0874,ETHBTC,0.08201,0.08238,0.07874,0.07953,12533.32,1004.44,,,,
0.0876,ETHBTC,0.07953,0.08806,0.0784,0.08649,20022.06,1671.9,,,,
0.0878,ETHBTC,0.08649,0.09604,0.085,0.08818,25815,2315.57,,,,
0.088,ETHBTC,0.08818,0.0908,0.0868,0.08711,9370.56,830.79,,,,
0.0882,ETHBTC,0.08711,0.08837,0.08254,0.08479,19953.23,1696.37,,,,
0.0884,ETHBTC,0.08479,0.08738,0.07945,0.07945,23157.25,1925.57,,,,
0.0886,ETHBTC,0.07945,0.0796,0.0693,0.0732,40124.82,2944.57,,,,
0.0888,ETHBTC,0.0732,0.07647,0.06852,0.06921,26819.63,1902.69,,,,
0.089,ETHBTC,0.06921,0.07184,0.06518,0.06895,40270.32,2756.1,,,,
0.0892,ETHBTC,0.06895,0.07341,0.06852,0.06861,19871.19,1401.85,,,,
0.0894,ETHBTC,0.06861,0.07107,0.06803,0.07017,15054.55,1050.8,,,,
0.0896,ETHBTC,0.07017,0.073,0.06948,0.07127,17428.7,1237.38,,,,
0.0898,ETHBTC,0.07127,0.07293,0.0703,0.07041,8188.32,585.11,,,,
0.09,ETHBTC,0.07041,0.07359,0.07041,0.07336,6235.19,447.4,,,,
0.0902,ETHBTC,0.07336,0.08659,0.07238,0.0802,36390.13,2921.94,,,,
0.0904,ETHBTC,0.0802,0.0845,0.0755,0.0766,15767.99,1260.33,,,,
0.0906,ETHBTC,0.0766,0.0792,0.07501,0.0766,7206.8,553.27,,,,
0.0908,ETHBTC,0.0766,0.07905,0.07414,0.07517,7385.81,564.08,,,,
0.091,ETHBTC,0.07517,0.07756,0.07426,0.07568,7499.85,570.09,,,,
0.0912,ETHBTC,0.07568,0.07834,0.07521,0.07671,5189.31,396.66,,,,
0.0914,ETHBTC,0.07671,0.08115,0.07643,0.08043,7256.26,568.15,,,,
0.0916,ETHBTC,0.08043,0.0813,0.0787,0.07932,7401.57,592.53,,,,
0.0918,ETHBTC,0.07932,0.08436,0.07902,0.08109,16411.11,1331.64,,,,
0.092,ETHBTC,0.08109,0.08499,0.08043,0.0836,12682.57,1053.5,,,,
0.0922,ETHBTC,0.0836,0.08394,0.08143,0.08192,11274.05,929.62,,,,
0.0924,ETHBTC,0.08192,0.08319,0.07933,0.07962,11511.55,935.94,,,,
0.0926,ETHBTC,0.07962,0.07963,0.0731,0.07628,14775.73,1129.71,,,,
0.0928,ETHBTC,0.07628,0.07828,0.07512,0.07649,6969.85,531.76,,,,
0.093,ETHBTC,0.07649,0.07649,0.06671,0.07048,30259.15,2122.94,,,,
0.0932,ETHBTC,0.07048,0.07231,0.06811,0.07219,13633.82,958.49,,,,
0.0934,ETHBTC,0.07219,0.07425,0.07208,0.07343,6933.57,507.27,,,,
0.0936,ETHBTC,0.07343,0.07357,0.07139,0.07255,6163.8,445.61,,,,
0.0938,ETHBTC,0.07255,0.07255,0.06921,0.07083,15619.64,1103.16,,,,
0.094,ETHBTC,0.07083,0.07115,0.06954,0.07028,3762.45,264.59,,,,
0.0942,ETHBTC,0.07028,0.071,0.06876,0.07049,5398.47,377.76,,,,
0.0944,ETHBTC,0.07049,0.07092,0.06966,0.07077,6357.94,447.39,,,,
0.0946,ETHBTC,0.07077,0.07243,0.07001,0.07072,7199.16,511.05,,,,
0.0948,ETHBTC,0.07072,0.07138,0.068,0.07136,11548,806.73,,,,
0.095,ETHBTC,0.07136,0.07158,0.06732,0.06897,18892.86,1307.99,,,,
0.0952,ETHBTC,0.06897,0.07184,0.06738,0.06973,35846.06,2488.58,,,,
0.0954,ETHBTC,0.06973,0.07016,0.06821,0.06869,12071.81,834.67,,,,
0.0956,ETHBTC,0.06869,0.0703,0.06835,0.07,7246.16,502.03,,,,
0.0958,ETHBTC,0.07,0.07574,0.06983,0.07266,12540.26,915.61,,,,
0.096,ETHBTC,0.07266,0.07315,0.0716,0.07253,6712.5,485.78,,,,
0.0962,ETHBTC,0.07253,0.07335,0.07213,0.07312,4252.2,308.83,,,,
0.0964,ETHBTC,0.07312,0.07382,0.0705,0.07141,8047.76,582.29,,,,
0.0966,ETHBTC,0.07141,0.07292,0.07127,0.07283,7920.22,572,,,,
0.0968,ETHBTC,0.07283,0.0756,0.07203,0.0756,7731.89,572.44,,,,
0.097,ETHBTC,0.0756,0.07799,0.07552,0.07725,7665.53,589.51,,,,
0.0972,ETHBTC,0.07725,0.07725,0.07487,0.07521,4816.17,364.81,,,,
0.0974,ETHBTC,0.07521,0.07524,0.0737,0.07432,4674.17,347.14,,,,
0.0976,ETHBTC,0.07432,0.07437,0.07233,0.07364,7993.04,585.79,,,,
0.0978,ETHBTC,0.07364,0.07397,0.07174,0.07226,5845.94,424.75,,,,
0.098,ETHBTC,0.07226,0.0723,0.06931,0.07024,8082.98,569.46,,,,
0.0982,ETHBTC,0.07024,0.07076,0.06925,0.06958,6100.67,427.75,,,,
0.0984,ETHBTC,0.06958,0.07005,0.0689,0.06899,3729.85,258.97,,,,
0.0986,ETHBTC,0.06899,0.06899,0.06707,0.06763,9513.07,645.64,,,,
0.0988,ETHBTC,0.06763,0.06861,0.06715,0.06762,6094.24,413.91,,,,
0.099,ETHBTC,0.06762,0.07007,0.06762,0.06928,5555.1,382.84,,,,
0.0992,ETHBTC,0.06928,0.06954,0.06782,0.06833,4667.92,319.94,,,,
0.0994,ETHBTC,0.06833,0.0708,0.06771,0.07075,5618.17,388.63,,,,
0.0996,ETHBTC,0.07075,0.0719,0.06996,0.07021,6280.45,445.66,,,,
0.0998,ETHBTC,0.07021,0.07045,0.06679,0.06709,5807.38,397.05,,,,
0.1,ETHBTC,0.06709,0.06745,0.05848,0.06226,32748.49,2059.94,,,,
0.1002,ETHBTC,0.06226,0.06353,0.06028,0.06267,12898.82,799.4,,,,
0.1004,ETHBTC,0.06267,0.06362,0.06148,0.06283,7499.05,469.44,,,,
0.1006,ETHBTC,0.06283,0.06355,0.05104,0.0556,28211.77,1650.89,,,,
0.1008,ETHBTC,0.0556,0.06204,0.051,0.05977,56706.25,3237.88,,,,
0.101,ETHBTC,0.05977,0.06188,0.05751,0.05803,18624.72,1115,,,,
0.1012,ETHBTC,0.05803,0.06042,0.05718,0.05913,12673.26,744.67,,,,
0.1014,ETHBTC,0.05913,0.06227,0.05781,0.05789,15712.56,945.44,,,,
0.1016,ETHBTC,0.05789,0.0585,0.05572,0.0565,13289.4,760.88,,,,
0.1018,ETHBTC,0.0565,0.05762,0.05546,0.05628,12338.01,696.5,,,,
0.102,ETHBTC,0.05628,0.05639,0.05355,0.05396,11872.91,646.66,,,,
0.1022,ETHBTC,0.05396,0.0544,0.05002,0.05055,30533.93,1569.46,,,,
0.1024,ETHBTC,0.05055,0.05088,0.04725,0.04983,43565.79,2138.73,,,,
0.1026,ETHBTC,0.04983,0.05145,0.04865,0.04915,12599.91,630.91,,,,
0.1028,ETHBTC,0.04915,0.0492,0.04751,0.0483,21502.9,1039.57,,,,
0.103,ETHBTC,0.0483,0.05571,0.0483,0.05383,43683.91,2331.89,,,,
0.1032,ETHBTC,0.05383,0.05445,0.05156,0.05162,10873.16,578.11,,,,
0.1034,ETHBTC,0.05162,0.05215,0.0492,0.05013,12835.27,649.82,,,,
0.1036,ETHBTC,0.05013,0.05184,0.04968,0.0514,9720.28,495.01,,,,
0.1038,ETHBTC,0.0514,0.05185,0.05057,0.05122,7477.42,382.93,,,,
0.104,ETHBTC,0.05122,0.05395,0.04893,0.04951,16960.38,866.75,,,,
0.1042,ETHBTC,0.04951,0.05083,0.04933,0.05002,8486.44,425.69,,,,
0.1044,ETHBTC,0.05002,0.05047,0.04701,0.04706,32962.66,1595.36,,,,
0.1046,ETHBTC,0.04706,0.04769,0.04263,0.04286,37831.57,1713.6,,,,
0.1048,ETHBTC,0.04286,0.0432,0.03772,0.04052,95415.63,3896.55,,,,
0.105,ETHBTC,0.04052,0.04374,0.03937,0.04258,44387.56,1827.51,,,,
0.1052,ETHBTC,0.04258,0.04311,0.03953,0.04076,27707.92,1140.78,,,,
0.1054,ETHBTC,0.04076,0.04099,0.03868,0.04,26519.9,1054.29,,,,
0.1056,ETHBTC,0.04,0.04349,0.03951,0.04266,36423.89,1522.25,,,,
0.1058,ETHBTC,0.04266,0.04271,0.04058,0.041,28821.12,1194.14,,,,
0.106,ETHBTC,0.041,0.045,0.03805,0.0412,83774.13,3494.08,,,,
0.1062,ETHBTC,0.0412,0.04652,0.04119,0.04482,52227.88,2313.33,,,,
0.1064,ETHBTC,0.04482,0.04748,0.0437,0.0453,41486.71,1870.39,,,,
0.1066,ETHBTC,0.0453,0.05167,0.04404,0.0496,43816.96,2114.96,,,,
0.1068,ETHBTC,0.0496,0.05472,0.04667,0.052,90041.74,4630.76,,,,
0.107,ETHBTC,0.052,0.05416,0.04602,0.04821,57051.44,2828.31,,,,
0.1072,ETHBTC,0.04821,0.052,0.0473,0.05078,40219.21,1997.23,,,,
0.1074,ETHBTC,0.05078,0.05079,0.04487,0.0455,35940.37,1695.11,,,,
0.1076,ETHBTC,0.0455,0.04625,0.04105,0.04206,47853.88,2058.21,,,,
0.1078,ETHBTC,0.04206,0.04375,0.04105,0.04307,40268.75,1696.79,,,,
0.108,ETHBTC,0.04307,0.045,0.04256,0.04464,20268.71,885.17,,,,
0.1082,ETHBTC,0.04464,0.0485,0.04287,0.04409,51410.62,2326.12,,,,
0.1084,ETHBTC,0.04409,0.04545,0.04368,0.04455,22660.01,1008.85,,,,
0.1086,ETHBTC,0.04455,0.04629,0.044,0.04458,22960.07,1029.07,,,,
0.1088,ETHBTC,0.04458,0.04639,0.0442,0.04637,14209.04,638.84,,,,
0.109,ETHBTC,0.04637,0.0523,0.0458,0.0508,57513.41,2873.09,,,,
0.1092,ETHBTC,0.0508,0.05862,0.04803,0.05751,63736.9,3451.92,,,,
0.1094,ETHBTC,0.05751,0.05947,0.05271,0.05287,51991.24,2867.39,,,,
0.1096,ETHBTC,0.05287,0.05344,0.04766,0.05049,67870.1,3415.45,,,,
0.1098,ETHBTC,0.05049,0.05081,0.04861,0.04881,32822.98,1625.19,,,,
0.11,ETHBTC,0.04881,0.04936,0.04625,0.04705,28164.47,1340.59,,,,
0.1102,ETHBTC,0.04705,0.0478,0.04312,0.04385,92465.93,4187.63,,,,
0.1104,ETHBTC,0.04385,0.04455,0.04258,0.04366,43152.17,1880.11,,,,
0.1106,ETHBTC,0.04366,0.04444,0.0423,0.04263,37248.64,1613.13,,,,
0.1108,ETHBTC,0.04263,0.04341,0.04162,0.042,19625.19,830.74,,,,
0.111,ETHBTC,0.042,0.04219,0.04034,0.04115,23269.38,961.73,,,,
0.1112,ETHBTC,0.04115,0.04122,0.04,0.04021,12494.34,507.61,,,,
0.1114,ETHBTC,0.04021,0.04032,0.03856,0.03896,17884.97,702.31,,,,
0.1116,ETHBTC,0.03896,0.03896,0.02957,0.03053,84326.44,2883.61,,,,
0.1118,ETHBTC,0.03053,0.03267,0.0231,0.02492,163150.98,4454.92,,,,
0.112,ETHBTC,0.02492,0.0327,0.024,0.0281,154997.79,4365.63,,,,
0.1122,ETHBTC,0.0281,0.03549,0.02797,0.03176,122483.96,3920.43,,,,
0.1124,ETHBTC,0.03176,0.03295,0.028,0.02903,74036.32,2250.34,,,,
0.1126,ETHBTC,0.02903,0.031,0.027,0.03073,73911.01,2117.27,,,,
0.1128,ETHBTC,0.03073,0.04161,0.02941,0.03899,192731.68,6492.62,,,,
0.113,ETHBTC,0.03899,0.04495,0.036,0.04278,123931.14,5056.06,,,,
0.1132,ETHBTC,0.04278,0.0452,0.03987,0.042,71936.93,3092.47,,,,
0.1134,ETHBTC,0.042,0.04211,0.03472,0.03893,96700.28,3684.69,,,,
0.1136,ETHBTC,0.03893,0.041,0.0349,0.03591,70384.43,2625.21,,,,
0.1138,ETHBTC,0.03591,0.03919,0.03591,0.03764,49807.44,1857.29,,,,
0.114,ETHBTC,0.03764,0.0428,0.03737,0.04133,60366.82,2423.87,,,,
0.1142,ETHBTC,0.04133,0.04749,0.041,0.04632,81847.47,3689.41,,,,
0.1144,ETHBTC,0.04632,0.0497,0.04517,0.0486,63349.13,2996.86,,,,
0.1146,ETHBTC,0.0486,0.0513,0.0479,0.05048,41409.59,2062.2,,,,
0.1148,ETHBTC,0.05048,0.05188,0.04444,0.04768,108902.47,5264.74,,,,
0.115,ETHBTC,0.04768,0.0489,0.04753,0.04841,29881.68,1442.88,,,,
0.1152,ETHBTC,0.04841,0.04915,0.04778,0.04879,27967.51,1350.92,,,,
0.1154,ETHBTC,0.04879,0.05272,0.04879,0.05222,26921.65,1385.77,,,,
0.1156,ETHBTC,0.05222,0.0534,0.04624,0.04786,31548.9,1539.05,,,,
0.1158,ETHBTC,0.04786,0.04888,0.04622,0.04804,22869.4,1092.51,,,,
0.116,ETHBTC,0.04804,0.0505,0.04769,0.04991,26571.57,1310.78,,,,
0.1162,ETHBTC,0.04991,0.05174,0.049,0.05114,21808.35,1102.26,,,,
0.1164,ETHBTC,0.05114,0.0556,0.05022,0.05523,32724.56,1746.43,,,,
0.1166,ETHBTC,0.05523,0.0555,0.0525,0.05343,22981.51,1236.09,,,,
0.1168,ETHBTC,0.05343,0.05699,0.05326,0.05621,21547.98,1195.96,,,,
0.117,ETHBTC,0.05621,0.06508,0.0535,0.05839,78025.58,4722.37,,,,
0.1172,ETHBTC,0.05839,0.06377,0.05657,0.06188,33596.53,2011.44,,,,
0.1174,ETHBTC,0.06188,0.06839,0.0599,0.06245,42412.84,2730.42,,,,
0.1176,ETHBTC,0.06245,0.06803,0.05506,0.05699,58759.17,3579.46,,,,
0.1178,ETHBTC,0.05699,0.06106,0.0562,0.05876,23811.61,1409.23,,,,
0.118,ETHBTC,0.05876,0.06885,0.05875,0.06874,33795.47,2187.66,,,,
0.1182,ETHBTC,0.06874,0.0786,0.06874,0.07579,57790.76,4293.92,,,,
0.1184,ETHBTC,0.07579,0.091,0.07578,0.08892,42851.08,3551.14,,,,
0.1186,ETHBTC,0.08892,0.097,0.08251,0.08365,56694.49,5225.34,,,,
0.1188,ETHBTC,0.08365,0.09145,0.08365,0.08572,31713.76,2796.06,,,,
0.119,ETHBTC,0.08572,0.0925,0.0846,0.09132,14769.27,1314.34,,,,
0.1192,ETHBTC,0.09132,0.09989,0.08943,0.09756,21007.31,2013.36,,,,
0.1194,ETHBTC,0.09756,0.0997,0.09531,0.09967,15256.04,1489.51,,,,
0.1196,ETHBTC,0.09967,0.1009,0.09111,0.09415,16650.87,1591.53,,,,
0.1198,ETHBTC,0.09415,0.09585,0.085,0.0925,48321.02,4402.24,,,,
0.12,ETHBTC,0.0925,0.0948,0.0829,0.0915,54372.73,4814.89,,,,
0.1202,ETHBTC,0.0915,0.092,0.0883,0.09052,19681.77,1778.71,,,,
0.1204,ETHBTC,0.09052,0.09165,0.08987,0.09013,10289.2,933.31,,,,
0.1206,ETHBTC,0.09013,0.09099,0.08809,0.09027,9930.82,888.55,,,,
0.1208,ETHBTC,0.09027,0.09248,0.08956,0.09104,9045.36,821.51,,,,
0.121,ETHBTC,0.09104,0.09299,0.09075,0.09244,11704.61,1075.87,,,,
0.1212,ETHBTC,0.09244,0.0925,0.08904,0.09087,13048.68,1187.9,,,,
0.1214,ETHBTC,0.09087,0.09401,0.09036,0.09305,10105.68,928,,,,
0.1216,ETHBTC,0.09305,0.095,0.09299,0.09381,13260.56,1247.73,,,,
0.1218,ETHBTC,0.09381,0.09696,0.09201,0.09458,13986.64,1322.52,,,,
0.122,ETHBTC,0.09458,0.0976,0.09409,0.09713,10039.28,961.41,,,,
0.1222,ETHBTC,0.09713,0.1055,0.09674,0.1053,22894.27,2336.95,,,,
0.1224,ETHBTC,0.1053,0.1055,0.103,0.1045,12984.53,1357.63,,,,
0.1226,ETHBTC,0.1045,0.1079,0.1028,0.1056,19718.42,2086.5,,,,
0.1228,ETHBTC,0.1056,0.1107,0.1051,0.1093,16403.53,1776.91,,,,
0.123,ETHBTC,0.1093,0.1229,0.1093,0.1132,42563.12,4894.5,,,,
0.1232,ETHBTC,0.1132,0.1133,0.097,0.1036,45480.28,4804.63,,,,
0.1234,ETHBTC,0.1036,0.1075,0.1033,0.1055,11468.23,1206.15,,,,
0.1236,ETHBTC,0.1055,0.1059,0.0994,0.1012,18734.03,1918.91,,,,
0.1238,ETHBTC,0.1012,0.1032,0.09464,0.1007,31558.55,3131.23,,,,
0.124,ETHBTC,0.1007,0.1025,0.09416,0.1021,39833.74,3931.42,,,,
0.1242,ETHBTC,0.1021,0.1023,0.09862,0.09898,20124.96,2025.47,,,,
0.1244,ETHBTC,0.09898,0.1011,0.096,0.09875,14927.23,1465.72,,,,
0.1246,ETHBTC,0.09875,0.1015,0.09874,0.101,12076.45,1212.37,,,,
0.1248,ETHBTC,0.101,0.1014,0.09943,0.0997,8285.37,831.48,,,,
0.125,ETHBTC,0.0997,0.1008,0.09954,0.1005,4448.08,445.57,,,,
0.1252,ETHBTC,0.1005,0.1005,0.09704,0.09736,7248.95,717.41,,,,
0.1254,ETHBTC,0.09736,0.09856,0.097,0.09849,5592.22,547.48,,,,
0.1256,ETHBTC,0.09849,0.09869,0.096,0.09732,18711.99,1827.97,,,,
0.1258,ETHBTC,0.09732,0.09746,0.09145,0.09247,17855.23,1683.14,,,,
0.126,ETHBTC,0.09247,0.09429,0.09145,0.09216,7504.82,695.88,,,,
0.1262,ETHBTC,0.09216,0.09289,0.0877,0.08789,10594.92,952.38,,,,
0.1264,ETHBTC,0.08789,0.08928,0.08603,0.08788,6867.66,601.43,,,,
0.1266,ETHBTC,0.08788,0.08856,0.0838,0.08412,6050.77,520.6,,,,
0.1268,ETHBTC,0.08412,0.08413,0.07728,0.07876,15500.25,1246.14,,,,
0.127,ETHBTC,0.07876,0.0815,0.0779,0.08027,10464.61,837.76,,,,
0.1272,ETHBTC,0.08027,0.08199,0.07953,0.08184,7620.46,615.76,,,,
0.1274,ETHBTC,0.08184,0.086,0.0817,0.08437,10488.34,883.56,,,,
0.1276,ETHBTC,0.08437,0.08643,0.0831,0.08601,5742.7,487.9,,,,
0.1278,ETHBTC,0.08601,0.08874,0.08599,0.08776,4808.63,421.2,,,,
0.128,ETHBTC,0.08776,0.0892,0.08356,0.084,6172.24,534.8,,,,
0.1282,ETHBTC,0.084,0.08582,0.08165,0.08232,5569.52,464.41,,,,
0.1284,ETHBTC,0.08232,0.083,0.08011,0.08244,4056.39,331.81,,,,
0.1286,ETHBTC,0.08244,0.08279,0.07904,0.07964,4264.35,343.49,,,,
0.1288,ETHBTC,0.07964,0.0797,0.0774,0.07762,4777.05,374.95,,,,
0.129,ETHBTC,0.07762,0.07763,0.0745,0.07451,5798.56,438.98,,,,
0.1292,ETHBTC,0.07451,0.07753,0.0745,0.07505,4089.7,311.32,,,,
0.1294,ETHBTC,0.07505,0.07557,0.07328,0.07389,4118,306.66,,,,
0.1296,ETHBTC,0.07389,0.07644,0.07389,0.07602,4046.08,305.55,,,,
0.1298,ETHBTC,0.07602,0.07685,0.0737,0.0758,8259.45,621.46,,,,
0.13,ETHBTC,0.0758,0.07707,0.07414,0.075,7397.45,562.11,,,,
0.1302,ETHBTC,0.075,0.07873,0.07449,0.0786,13677.59,1052.25,,,,
0.1304,ETHBTC,0.0786,0.08,0.0773,0.07779,7381.82,579.58,,,,
0.1306,ETHBTC,0.07779,0.07948,0.0747,0.07549,6028.31,465.82,,,,
0.1308,ETHBTC,0.07549,0.07701,0.07431,0.07642,7084.65,537.19,,,,
0.131,ETHBTC,0.07642,0.07709,0.0748,0.07543,6829.31,518.62,,,,
0.1312,ETHBTC,0.07543,0.07625,0.07341,0.07465,5870.93,439.04,,,,
0.1314,ETHBTC,0.07465,0.07548,0.07308,0.07391,6003.93,445.38,,,,
0.1316,ETHBTC,0.07391,0.07457,0.07161,0.07247,3735.12,273.02,,,,
0.1318,ETHBTC,0.07247,0.07343,0.06987,0.07,4754.49,339.66,,,,
0.132,ETHBTC,0.07,0.07001,0.06205,0.06563,24045.37,1565.83,,,,
0.1322,ETHBTC,0.06563,0.06667,0.06339,0.06454,10404.43,671.45,,,,
0.1324,ETHBTC,0.06454,0.06487,0.062,0.06262,10115.96,640.74,,,,
0.1326,ETHBTC,0.06262,0.06478,0.06208,0.06285,7221.61,457.24,,,,
0.1328,ETHBTC,0.06285,0.0635,0.06104,0.06189,4720.37,293.67,,,,
0.133,ETHBTC,0.06189,0.0621,0.0608,0.06098,8229.03,504.85,,,,
0.1332,ETHBTC,0.06098,0.06114,0.0602,0.06091,8526.73,517.41,,,,
0.1334,ETHBTC,0.06091,0.06236,0.06071,0.06193,3836.15,234.83,,,,
0.1336,ETHBTC,0.06193,0.062,0.05934,0.05983,5483.46,330.45,,,,
0.1338,ETHBTC,0.05983,0.06008,0.0566,0.05749,7514.03,434.48,,,,
0.134,ETHBTC,0.05749,0.05783,0.0561,0.0561,4179.98,237.98,,,,
0.1342,ETHBTC,0.0561,0.05641,0.054,0.05424,10273.25,563.94,,,,
0.1344,ETHBTC,0.05424,0.05749,0.05423,0.05749,11450.01,638.42,,,,
0.1346,ETHBTC,0.05749,0.05913,0.0564,0.05689,9292.91,538.54,,,,
0.1348,ETHBTC,0.05689,0.05695,0.05512,0.05542,5731.94,320.06,,,,
0.135,ETHBTC,0.05542,0.0557,0.05434,0.05449,4548.13,250.79,,,,
0.1352,ETHBTC,0.05449,0.05604,0.05388,0.05604,6421.24,352.29,,,,
0.1354,ETHBTC,0.05604,0.0562,0.05365,0.05574,6781.17,372.57,,,,
0.1356,ETHBTC,0.05574,0.05636,0.05534,0.05621,3663.02,204.86,,,,
0.1358,ETHBTC,0.05621,0.05634,0.05542,0.05592,3825.03,213.92,,,,
0.136,ETHBTC,0.05592,0.05607,0.05512,0.05579,2414.98,134.44,,,,
0.1362,ETHBTC,0.05579,0.05718,0.05554,0.05702,4738.86,268.19,,,,
0.1364,ETHBTC,0.05702,0.06017,0.05702,0.05884,9007.8,529.14,,,,
0.1366,ETHBTC,0.05884,0.0608,0.05851,0.06076,4298.56,256.77,,,,
0.1368,ETHBTC,0.06076,0.06219,0.0603,0.06201,10564.23,645.04,,,,
0.137,ETHBTC,0.06201,0.06295,0.05857,0.06235,18652.73,1140,,,,
0.1372,ETHBTC,0.06235,0.06461,0.06185,0.06268,13435.44,849.24,,,,
0.1374,ETHBTC,0.06268,0.0635,0.06171,0.06277,4860,304.15,,,,
0.1376,ETHBTC,0.06277,0.06392,0.0624,0.0639,5697.89,359.62,,,,
0.1378,ETHBTC,0.0639,0.06395,0.06288,0.06344,6321.65,400.06,,,,
0.138,ETHBTC,0.06344,0.06403,0.06289,0.06368,5206.26,331.04,,,,
0.1382,ETHBTC,0.06368,0.06445,0.06315,0.06438,6261.2,399.2,,,,
0.1384,ETHBTC,0.06438,0.0689,0.06426,0.0686,9314.81,618.65,,,,
0.1386,ETHBTC,0.0686,0.07115,0.0675,0.06965,14170.28,981.25,,,,
0.1388,ETHBTC,0.06965,0.06982,0.06666,0.06789,5964.35,407.76,,,,
0.139,ETHBTC,0.06789,0.07215,0.06708,0.07061,7231.26,507.48,,,,
0.1392,ETHBTC,0.07061,0.0725,0.07049,0.07202,7071.38,507.8,,,,
0.1394,ETHBTC,0.07202,0.07565,0.07168,0.0728,14960.19,1103.32,,,,
0.1396,ETHBTC,0.0728,0.07299,0.0665,0.0696,29761.39,2060.17,,,,
0.1398,ETHBTC,0.0696,0.07178,0.06889,0.07137,9160.6,648.44,,,,
0.14,ETHBTC,0.07137,0.0735,0.07074,0.072,9470.58,684.81,,,,
0.1402,ETHBTC,0.072,0.07383,0.07199,0.07307,7102.21,520.35,,,,
0.1404,ETHBTC,0.07307,0.07348,0.07236,0.0733,5631.74,411.73,,,,
0.1406,ETHBTC,0.0733,0.07491,0.07215,0.07249,9724.37,714.47,,,,
0.1408,ETHBTC,0.07249,0.07448,0.07041,0.07403,15073.53,1096.65,,,,
0.141,ETHBTC,0.07403,0.07515,0.07375,0.07447,9624.9,716.24,,,,
0.1412,ETHBTC,0.07447,0.0808,0.07447,0.07986,24683.37,1939.19,,,,
0.1414,ETHBTC,0.07986,0.08295,0.07927,0.08084,19401.99,1571.94,,,,
0.1416,ETHBTC,0.08084,0.0831,0.0806,0.083,15755.01,1294.34,,,,
0.1418,ETHBTC,0.083,0.08438,0.07985,0.08196,20711.49,1704.56,,,,
0.142,ETHBTC,0.08196,0.0824,0.0752,0.08039,29632.99,2333.42,,,,
0.1422,ETHBTC,0.08039,0.08204,0.0791,0.08151,8871.6,716.21,,,,
0.1424,ETHBTC,0.08151,0.08164,0.07915,0.08052,7476.89,600.96,,,,
0.1426,ETHBTC,0.08052,0.08186,0.08013,0.08029,8770.34,712.21,,,,
0.1428,ETHBTC,0.08029,0.08224,0.07833,0.08065,16410.96,1310.35,,,,
0.143,ETHBTC,0.08065,0.08109,0.07752,0.08069,10076.53,799.97,,,,
0.1432,ETHBTC,0.08069,0.08509,0.08001,0.08399,9686.78,801.05,,,,
0.1434,ETHBTC,0.08399,0.08464,0.08241,0.08389,11172.39,933.87,,,,
0.1436,ETHBTC,0.08389,0.08484,0.08243,0.08334,5978.01,500.44,,,,
0.1438,ETHBTC,0.08334,0.0844,0.0828,0.08433,3544.23,296.5,,,,
